,ISBN,rating
715,0373123108,10.0
1882,0671744623,10.0
507,0345384385,10.0
2703,1573229571,10.0
2246,0810927543,10.0
2921,2912042615,10.0
921,0393050939,10.0
1891,0671776800,10.0
798,0375412883,10.0
2919,2909083004,10.0
1898,0671795538,10.0
2917,2908730308,10.0
1280,0451183940,10.0
1903,0671809158,10.0
1904,0671827847,10.0
525,0345423399,10.0
2733,1878610104,10.0
1907,0671870114,10.0
1908,0671870955,10.0
2252,0812097378,10.0
1881,0671744216,10.0
1957,0679763414,10.0
1880,0671744208,10.0
913,038550120X,10.0
914,0385501404,10.0
915,0385503822,10.0
2265,0812550544,10.0
1861,0671737600,10.0
1862,0671737619,10.0
1864,0671737635,10.0
1865,0671737643,10.0
1867,0671737791,10.0
1869,0671737821,10.0
1870,067173783X,10.0
1871,0671737848,10.0
1269,0451168615,10.0
1006,0399147128,10.0
917,0385505833,10.0
2680,1567310079,10.0
1879,0671742566,10.0
4305,8478884424,10.0
4306,8478884580,10.0
4308,8478885668,10.0
2912,2869596103,10.0
3862,8433970283,10.0
1291,0451194861,10.0
1542,0553574116,10.0
1541,0553574108,10.0
1540,0553574094,10.0
3362,8422678276,10.0
181,0140440232,10.0
1938,0679448896,10.0
2195,0793820103,10.0
2762,202023811X,10.0
1947,0679723161,10.0
1949,0679732241,10.0
1951,067973452X,10.0
1531,0553571907,10.0
1530,0553571842,10.0
1529,0553571834,10.0
166,0140230165,10.0
2755,2.912687.00.4,10.0
2211,0804105820,10.0
1555,0553583468,10.0
1911,0671870998,10.0
4310,8478886680,10.0
4311,8478887121,10.0
1909,0671870971,10.0
1564,0553802712,10.0
1563,0553802526,10.0
534,0345435273,10.0
535,0345438825,10.0
537,0345441036,10.0
2215,0804111898,10.0
3149,8422616335,10.0
1561,0553801880,10.0
202,0151002177,10.0
543,0345447859,10.0
545,0345453808,10.0
546,0345453816,10.0
548,0345462270,10.0
912,0385484518,10.0
1850,0671732498,10.0
2662,1565112008,10.0
435,0316693324,10.0
378,0312303467,10.0
377,0312284683,10.0
860,0380813815,10.0
375,0312265867,10.0
374,0312265859,10.0
373,0312252943,10.0
372,0312252617,10.0
1192,0446526916,10.0
369,0312205406,10.0
368,0312203039,10.0
429,0316277010,10.0
365,0312185863,10.0
431,0316569321,10.0
865,0380819171,10.0
433,0316603287,10.0
867,038082079X,10.0
434,0316666343,10.0
380,0312436408,10.0
1194,0446527041,10.0
383,0312851405,10.0
1732,0671010085,10.0
406,0312966806,10.0
405,0312966091,10.0
1723,067100333X,10.0
1722,0671002031,10.0
2507,0894803204,10.0
413,0312980140,10.0
1718,0671000853,10.0
1733,0671010093,10.0
1741,0671014218,10.0
1734,0671010107,10.0
2513,0895860775,10.0
855,0380807122,10.0
419,0312983867,10.0
2515,0898707714,10.0
421,0312993536,10.0
1195,0446527165,10.0
1365,0515102636,10.0
1761,0671032992,10.0
911,0385479565,10.0
1762,0671034014,10.0
3446,842333094X,10.0
2388,0843950463,10.0
2386,0843947888,10.0
2371,0843122749,10.0
1826,0671670069,10.0
814,0380690543,10.0
3434,8422697688,10.0
905,038533558X,10.0
3433,842269767X,10.0
2343,0833510266,10.0
3432,8422697661,10.0
2323,082121523X,10.0
1839,0671702505,10.0
2618,1555837336,10.0
1840,0671702513,10.0
1844,067172262X,10.0
1846,0671722816,10.0
3447,8423334473,10.0
2598,155166951X,10.0
2594,1551668653,10.0
1784,0671432672,10.0
839,0380776839,10.0
2448,0881841641,10.0
1690,0670000094,10.0
1685,0609804138,10.0
1776,0671042556,10.0
878,0380975726,10.0
1165,0441172717,10.0
2566,0965608646,10.0
1147,0440508363,10.0
835,0380761327,10.0
2427,0879758813,10.0
2575,1400034779,10.0
2422,0876669658,10.0
1797,0671525700,10.0
1150,044100069X,10.0
1149,0440967694,10.0
1527,0553571591,10.0
541,034544356X,10.0
1724,0671003356,10.0
997,0399138994,10.0
75,0061007226,10.0
756,0373256701,10.0
1425,0525945725,10.0
758,0373259565,10.0
2066,0743439651,10.0
1048,0425115801,10.0
2012,0689820747,10.0
2011,0689815816,10.0
1422,0525934189,10.0
4465,849318490X,10.0
31,0060086246,10.0
1359,0515084891,10.0
1361,051508901X,10.0
2138,0778320197,10.0
2140,0783547528,10.0
2829,2253029858,10.0
1023,0425018989,10.0
2791,2070423336,10.0
1485,0553268880,10.0
2889,2840557851,10.0
1378,0515129224,10.0
1362,0515090654,10.0
1363,051509160X,10.0
120,0066211220,10.0
2788,2070386023,10.0
1387,0515133876,10.0
755,0373255632,10.0
1388,0515134449,10.0
2050,0743245520,10.0
1394,0515134511,10.0
1395,051513452X,10.0
1392,0515134481,10.0
1333,0452011876,10.0
979,0395071224,10.0
1442,0553099604,10.0
86,0061020710,10.0
1354,0486414132,10.0
2051,074324642X,10.0
2059,0743426827,10.0
2120,0765342294,10.0
1391,0515134473,10.0
1389,0515134457,10.0
1390,0515134465,10.0
2096,0743526279,10.0
2808,2211068987,10.0
2123,0768905362,10.0
1454,0553209329,10.0
1327,0451524942,10.0
1430,0534349668,10.0
1400,0517219018,10.0
2064,0743437128,10.0
1458,0553213059,10.0
1014,0399151060,10.0
1494,0553283545,10.0
1374,051512219X,10.0
1495,0553285947,10.0
1518,0553564927,10.0
143,0140018603,10.0
2075,0743446259,10.0
2090,0743477081,10.0
1008,0399148248,10.0
58,0060531231,10.0
1366,0515103969,10.0
2776,2070283836,10.0
709,0373122780,10.0
773,0373440049,10.0
2038,0743201205,10.0
1516,0553561537,10.0
151,0140048898,10.0
57,0060514957,10.0
1978,0684196395,10.0
1977,0684196387,10.0
3778,8433906674,10.0
1519,0553565060,10.0
156,0140061436,10.0
157,0140067477,10.0
2088,0743476131,10.0
2087,0743476123,10.0
63,0060907010,10.0
2840,2253932299,10.0
1523,0553569406,10.0
125,0070342024,10.0
1367,0515108030,10.0
1364,0515094773,10.0
1981,0684822652,10.0
1497,0553289322,10.0
1498,055329315X,10.0
1499,0553293176,10.0
129,0073988693,10.0
2159,078686382X,10.0
1500,0553296124,10.0
132,0134487206,10.0
1372,051511992X,10.0
600,0373033346,10.0
1982,0684823780,10.0
2054,0743407075,10.0
1010,0399148639,10.0
1414,0520217551,10.0
1009,039914840X,10.0
2780,2070360024,10.0
137,0139536477,10.0
1371,0515119482,10.0
1593,059035342X,9.5
379,0312306326,9.333333333333334
2937,84.8464.163.5,9.0
451,034528223X,9.0
2956,8401301548,9.0
1232,0449910261,9.0
469,0345324382,9.0
463,0345314867,9.0
2938,84.8464.202.X,9.0
1403,0517542099,9.0
1226,0449227545,9.0
2570,0968522602,9.0
459,034530988X,9.0
1402,0517468522,9.0
729,0373171633,9.0
2998,840138110X,9.0
1683,0609800949,9.0
4014,8467202394,9.0
714,0373123086,9.0
713,0373123078,9.0
3002,8401422248,9.0
712,0373123035,9.0
711,0373122918,9.0
1719,0671001132,9.0
710,0373122853,9.0
1717,0670886017,9.0
717,0373153260,9.0
705,0373122675,9.0
1711,0670852295,9.0
1706,0670829994,9.0
425,0316108367,9.0
2999,8401381630,9.0
2855,2266112058,9.0
1380,0515131229,9.0
847,038079439X,9.0
1347,0452281253,9.0
1358,0515041637,9.0
3505,8427016719,9.0
3631,8432043753,9.0
691,0373118597,9.0
1357,0515041343,9.0
1212,044900256X,9.0
2989,8401341744,9.0
2548,0929141814,9.0
4022,8470020749,9.0
3515,8427200153,9.0
2557,0940895366,9.0
2590,1551665921,9.0
2768,2020638894,9.0
1345,0452279623,9.0
542,0345447832,9.0
540,034544282,9.0
788,0373834446,9.0
789,0374507481,9.0
2783,2070368017,9.0
3894,8437602416,9.0
1283,0451186664,9.0
2891,2842050622,9.0
2914,2881430015,9.0
2737,1880418592,9.0
2789,2070401987,9.0
1484,0553268120,9.0
794,037540600X,9.0
2915,2901076343,9.0
2792,2070424715,9.0
519,0345417089,9.0
3587,8429734716,9.0
799,0375420975,9.0
1476,0553256130,9.0
802,0375507779,9.0
408,0312971346,9.0
2782,2070365832,9.0
1251,0451159233,9.0
3761,8432298509,9.0
1522,0553569376,9.0
580,0373031262,9.0
1295,0451203267,9.0
3569,8427933800,9.0
1533,0553572393,9.0
2764,2020289474,9.0
2906,286869246X,9.0
2907,2868692761,9.0
1515,0553560719,9.0
2903,2864245043,9.0
1550,0553580604,9.0
1288,0451190572,9.0
1287,0451190556,9.0
1508,0553350064,9.0
2753,1928916023,9.0
2778,2070300668,9.0
3877,8434839369,9.0
1505,0553298046,9.0
1286,0451190521,9.0
2695,1572702281,9.0
2694,157270053X,9.0
2693,1572700378,9.0
804,0375751513,9.0
2877,2709800551,9.0
810,0380017520,9.0
2633,155970134X,9.0
2619,1556704062,9.0
2826,2253004367,9.0
2617,1555837298,9.0
1426,0525946284,9.0
1342,0452276144,9.0
1265,0451166604,9.0
813,0380521679,9.0
2836,2253072656,9.0
1263,0451165594,9.0
483,0345348036,9.0
2873,2706102004,9.0
482,0345342445,9.0
1262,0451164938,9.0
2838,2253154083,9.0
1259,0451162331,9.0
2607,1551990482,9.0
2905,2868691870,9.0
654,0373113161,9.0
1335,0452260302,9.0
808,0380012863,9.0
1471,0553247379,9.0
2800,2070755894,9.0
1320,0451458923,9.0
2887,2743603445,9.0
1271,0451170113,9.0
1270,0451169530,9.0
1457,055321277X,9.0
3603,8429752307,9.0
2884,2742738150,9.0
2651,1564029859,9.0
2813,2226062548,9.0
1446,0553117173,9.0
1332,0452009308,9.0
2666,1566190959,9.0
2815,2226093524,9.0
809,0380017121,9.0
2880,2720600628,9.0
1434,0553051741,9.0
2650,156402976X,9.0
1758,0671027581,9.0
2504,0893811386,9.0
149,0140042520,9.0
1946,0679720227,9.0
4377,848310007X,9.0
4380,8483100274,9.0
170,014029984X,9.0
1079,0439139600,9.0
1077,0439064872,9.0
1959,0679785892,9.0
1074,0425190374,9.0
1975,0684124297,9.0
2163,0786889160,9.0
150,0140043829,9.0
147,0140042229,9.0
1935,0679441891,9.0
4399,8483106604,9.0
144,0140019200,9.0
142,0140016880,9.0
141,0140013997,9.0
140,0140012133,9.0
3344,8422671379,9.0
138,0140007555,9.0
2161,0786866462,9.0
2000,0688155308,9.0
2142,078389290X,9.0
2010,068981528X,9.0
2193,0788749730,9.0
1726,0671003682,9.0
103,0061092185,9.0
1115,0440214041,9.0
1902,0671800914,9.0
230,0240510860,9.0
229,0205289924,9.0
925,0394170377,9.0
4307,8478884955,9.0
4309,8478886451,9.0
216,0156999811,9.0
4313,8478950257,9.0
214,0156013924,9.0
4314,8478950400,9.0
1118,0440221471,9.0
3153,8422619202,9.0
2198,0802135161,9.0
2221,0804119716,9.0
203,0151002517,9.0
201,0151000891,9.0
200,0143012711,9.0
933,0394700864,9.0
934,0394702409,9.0
935,039470262X,9.0
936,0394718380,9.0
4342,8480761477,9.0
2208,0804006660,9.0
2207,080400322X,9.0
2016,0694523232,9.0
2085,074347516X,9.0
2234,0806518871,9.0
4510,950515609X,9.0
37,0060177500,9.0
36,0060164662,9.0
4505,9505156030,9.0
4506,9505156057,9.0
4507,9505156065,9.0
30,006001315X,9.0
2067,0743439961,9.0
2068,0743444043,9.0
27,0060012331,9.0
4508,9505156073,9.0
4509,9505156081,9.0
4511,9505156103,9.0
4503,9505156014,9.0
4512,950581643X,9.0
4514,9507300600,9.0
4516,9681500601,9.0
14,0027183505,9.0
1002,0399144463,9.0
4522,9802570532,9.0
1003,0399145079,9.0
7,0020427115,9.0
6,0007128649,9.0
3,0006480918,9.0
4524,9992056061,9.0
4504,9505156022,9.0
4497,9500723832,9.0
1039,0425094537,9.0
2029,0736659293,9.0
4453,8487835001,9.0
4455,8488342152,9.0
93,0061052523,9.0
92,0061052515,9.0
91,0061052507,9.0
90,0061051578,9.0
88,0061050474,9.0
85,0061020699,9.0
83,0061020648,9.0
4457,8488730535,9.0
81,0061020613,9.0
79,006101351X,9.0
2104,0756401364,9.0
2118,0763619612,9.0
4461,848966921X,9.0
2117,0763618292,9.0
73,0061002860,9.0
2034,0740713949,9.0
68,0060930128,9.0
62,0060906995,9.0
4478,8495824035,9.0
1026,0425064085,9.0
1024,0425031748,9.0
2044,0743215052,9.0
3401,842269381X,9.0
3186,8422633345,9.0
2236,0806521317,9.0
2275,0812580346,9.0
1164,0441172695,9.0
3084,8420439193,9.0
3091,842048136X,9.0
1799,0671530895,9.0
891,038529929X,9.0
2241,0807281859,9.0
2399,0870113658,9.0
4156,847515185X,9.0
3445,8423329747,9.0
2356,0836282868,9.0
1825,067166493X,9.0
901,0385333218,9.0
3111,8420633356,9.0
908,0385409923,9.0
4204,8475335071,9.0
3112,8420633364,9.0
3113,8420633372,9.0
3062,8408021664,9.0
1169,0441359175,9.0
1769,0671039733,9.0
387,0312857675,9.0
3496,8426445047,9.0
1728,0671006614,9.0
3495,8426445004,9.0
2501,0893810037,9.0
395,0312876920,9.0
391,0312868650,9.0
389,0312867123,9.0
385,0312854285,9.0
4076,8474103665,9.0
384,0312851685,9.0
3492,8426411487,9.0
371,0312242883,9.0
1748,0671020781,9.0
3033,8401910129,9.0
3043,840309289X,9.0
4075,8474102456,9.0
4211,8475964869,9.0
1806,0671552678,9.0
4266,8477830231,9.0
4264,8477830215,9.0
2247,0811801233,9.0
247,0307010368,9.0
250,0307010856,9.0
1888,0671758896,9.0
2253,0812500482,9.0
2273,0812575717,9.0
3412,8422693941,9.0
2260,0812513738,9.0
2259,0812513711,9.0
3115,8420636592,9.0
1851,067173251X,9.0
1849,0671732463,9.0
1890,0671774832,9.0
2264,0812550307,9.0
4273,8478082875,9.0
4274,8478093095,9.0
918,0385507607,9.0
1554,0553583441,8.5
498,0345370775,8.5
148,0140042393,8.5
1770,0671041789,8.5
1038,042509345X,8.5
1167,0441304834,8.5
1078,0439136369,8.5
1087,043935806X,8.5
416,0312983271,8.5
1878,0671742558,8.5
1072,0425188361,8.5
1994,0684867621,8.333333333333334
1173,0441748600,8.0
1037,0425093255,8.0
1027,0425067785,8.0
1221,0449183297,8.0
1028,0425067815,8.0
1029,0425067823,8.0
2981,840132405X,8.0
2874,2707142158,8.0
1030,042506784X,8.0
2876,2709620790,8.0
1219,0449148491,8.0
3055,8408015109,8.0
1113,0440211727,8.0
3059,8408017748,8.0
1220,0449149404,8.0
3061,8408020854,8.0
1032,0425067947,8.0
2875,2707306096,8.0
1340,0452267870,8.0
2911,2869305583,8.0
1031,0425067866,8.0
3249,8422645483,8.0
2868,2702015239,8.0
2997,8401378435,8.0
3117,842063963X,8.0
1203,0446610771,8.0
3118,842063977X,8.0
3015,8401491568,8.0
2920,2910884465,8.0
1197,0446531480,8.0
3253,842264553X,8.0
3000,8401382041,8.0
2922,2912517060,8.0
3252,8422645513,8.0
3030,8401607892,8.0
3134,8422611767,8.0
3037,8402062148,8.0
3039,8402076564,8.0
1176,0446329894,8.0
3148,842261586X,8.0
3048,8403599269,8.0
1211,0449002551,8.0
3251,8422645505,8.0
3250,8422645491,8.0
2865,2290315702,8.0
2883,274273600X,8.0
3248,8422645475,8.0
3246,8422645246,8.0
1352,0486284727,8.0
1214,0449005852,8.0
3242,8422644762,8.0
3116,8420639508,8.0
3086,8420447870,8.0
1097,0440187001,8.0
1222,0449183300,8.0
2895,284261495X,8.0
1298,0451204611,8.0
1253,0451160444,8.0
1065,0425177173,8.0
2900,2859407332,8.0
1252,0451159276,8.0
1144,0440417414,8.0
1250,0451159098,8.0
3214,8422638827,8.0
3100,8420604690,8.0
2893,2842051181,8.0
2934,711900977X,8.0
3156,8422620200,8.0
3212,8422638800,8.0
3213,8422638819,8.0
1255,0451160525,8.0
3104,8420612979,8.0
3107,842061663X,8.0
3108,8420618578,8.0
3199,8422635593,8.0
2904,2867261511,8.0
1073,0425188485,8.0
1109,044021145X,8.0
3161,8422623013,8.0
3171,8422630214,8.0
1136,0440351626,8.0
3194,8422635542,8.0
1090,0439974585,8.0
2910,2869303971,8.0
2909,2868698204,8.0
1267,0451167783,8.0
2908,2868694152,8.0
1060,0425170357,8.0
1058,0425168468,8.0
2977,8401323657,8.0
1323,0451523628,8.0
1046,0425105695,8.0
1044,0425103536,8.0
1318,0451458443,8.0
1043,0425102432,8.0
1321,0451459873,8.0
1322,0451521250,8.0
1151,0441002846,8.0
1309,0451404866,8.0
1040,0425094820,8.0
1152,0441003729,8.0
2886,2742747370,8.0
2962,8401321786,8.0
3092,8420482420,8.0
1157,0441009387,8.0
1317,0451457935,8.0
1047,0425108589,8.0
1316,0451453573,8.0
1245,0451151259,8.0
1315,0451451538,8.0
3226,8422639130,8.0
3223,8422638916,8.0
3220,8422638886,8.0
3218,842263886X,8.0
3099,8420604666,8.0
2890,2842050312,8.0
1312,0451406141,8.0
3217,8422638851,8.0
3216,8422638843,8.0
3215,8422638835,8.0
2892,2842051092,8.0
1057,0425164829,8.0
4525,UNGRANDHOMMED,8.0
2674,1567184960,8.0
2861,2267017024,8.0
2859,226701470X,8.0
2270,0812571088,8.0
2272,0812574621,8.0
2274,0812579410,8.0
2282,0816704600,8.0
1841,0671706039,8.0
1838,0671700103,8.0
2325,0821227750,8.0
2344,0833544721,8.0
2346,0836218051,8.0
2349,0836218663,8.0
2350,0836218787,8.0
2353,0836220854,8.0
2354,0836220986,8.0
1822,067165604X,8.0
1820,0671653504,8.0
1855,0671736795,8.0
2268,0812562860,8.0
1868,0671737805,8.0
2230,0805022937,8.0
1917,0671884395,8.0
1916,0671881035,8.0
2228,0805022570,8.0
2229,0805022929,8.0
1912,0671874292,8.0
1910,067187098X,8.0
2231,0805022945,8.0
2254,0812509234,8.0
2232,0805062971,8.0
2233,0805062998,8.0
2242,0807281913,8.0
1885,0671746472,8.0
1884,0671746049,8.0
1877,0671741454,8.0
1816,0671614347,8.0
1815,0671606379,8.0
1814,0671602551,8.0
1763,0671034065,8.0
1778,0671043323,8.0
1775,0671042432,8.0
1774,0671042424,8.0
1773,0671042408,8.0
2447,0881663298,8.0
2457,0886468833,8.0
1760,0671032577,8.0
2435,0880386258,8.0
1755,0671025341,8.0
2465,0886777690,8.0
2466,0886777844,8.0
2470,0886778506,8.0
1750,0671020803,8.0
1749,067102079X,8.0
1779,067104561X,8.0
2432,0880382678,8.0
1813,0671600621,8.0
2412,0875420907,8.0
1812,0671582291,8.0
1810,0671568663,8.0
1807,0671557963,8.0
1803,0671543857,8.0
1802,0671543210,8.0
1801,0671542133,8.0
1798,0671525751,8.0
2431,088038266X,8.0
2413,0875420915,8.0
2414,0875421180,8.0
2425,0877799156,8.0
1789,0671468073,8.0
2429,0880380845,8.0
2430,0880382651,8.0
2220,0804119708,8.0
2219,0804119546,8.0
2217,080411952X,8.0
2028,0736631038,8.0
2039,0743202007,8.0
2037,0740734121,8.0
2036,0740733052,8.0
2035,0740723219,8.0
2116,0763617229,8.0
2031,0738700940,8.0
2119,0765198916,8.0
2111,0760703884,8.0
2124,0771007899,8.0
2125,0771014813,8.0
2126,0771014821,8.0
2021,0698118952,8.0
2128,0771014864,8.0
2018,0694524743,8.0
2112,0761318453,8.0
2045,0743216393,8.0
2129,0771014899,8.0
2091,0743479343,8.0
2079,0743455827,8.0
2078,0743452410,8.0
2077,0743448405,8.0
2074,0743445643,8.0
2073,0743445627,8.0
2072,0743445600,8.0
2070,0743444124,8.0
2105,0758200404,8.0
2095,074350061X,8.0
2062,0743434897,8.0
2100,0752584839,8.0
2055,0743410246,8.0
2053,0743400518,8.0
2052,074340050X,8.0
2017,0694523283,8.0
2132,0771086857,8.0
2216,0804115729,8.0
1936,0679444815,8.0
2183,0786928808,8.0
2184,078692893X,8.0
1955,0679750169,8.0
1954,0679746048,8.0
1953,0679735771,8.0
1950,067973225X,8.0
2197,0802130348,8.0
2174,0786918454,8.0
2199,0802135307,8.0
1929,0679429220,8.0
2209,080410526X,8.0
2214,0804111421,8.0
1925,0679310665,8.0
1923,0676971695,8.0
2179,0786928360,8.0
2172,0786915889,8.0
2133,0771087453,8.0
2152,0786015136,8.0
2134,0771088337,8.0
2145,0785329633,8.0
2147,0785811915,8.0
1997,068811055X,8.0
2150,0786010614,8.0
2151,0786014059,8.0
2153,0786244046,8.0
2165,0786901063,8.0
1991,0684859637,8.0
1990,0684853523,8.0
1985,0684845989,8.0
2160,0786865199,8.0
1980,0684801639,8.0
2162,0786888067,8.0
1747,0671020374,8.0
1746,0671020366,8.0
2472,0886779758,8.0
1486,0553272373,8.0
2781,2070364232,8.0
2784,2070368408,8.0
1493,0553280031,8.0
2786,2070377113,8.0
1488,0553273639,8.0
2790,2070404587,8.0
2794,2070494497,8.0
2777,207029238X,8.0
1478,0553259040,8.0
1475,0553254251,8.0
1474,0553250779,8.0
2797,2070706362,8.0
1472,0553248944,8.0
1468,055324678X,8.0
2779,207032317X,8.0
2775,2070233359,8.0
1465,0553234463,8.0
1539,0553573403,8.0
2749,1896332145,8.0
2754,1929156006,8.0
1551,0553581236,8.0
1548,0553579908,8.0
1547,0553577239,8.0
2760,202021783X,8.0
1538,0553573357,8.0
2773,2040199926,8.0
2763,2020281376,8.0
2765,2020330318,8.0
2769,2020653818,8.0
2770,2037500130,8.0
2771,2037500211,8.0
1514,0553542842,8.0
1466,0553239082,8.0
2803,2203340134,8.0
2746,189545512X,8.0
1393,0515134503,8.0
1408,0517588684,8.0
2841,2259002439,8.0
2843,2264002190,8.0
2846,2264004894,8.0
2847,2264006609,8.0
2850,2264019832,8.0
2851,2264021462,8.0
2834,2253058793,8.0
1385,051513287X,8.0
2852,226506338X,8.0
1382,0515132020,8.0
2854,2266095781,8.0
2856,2266128043,8.0
2857,2266132741,8.0
2837,2253096326,8.0
1420,0525470816,8.0
2804,2207249190,8.0
1445,0553111639,8.0
2805,2209067553,8.0
2806,221101285X,8.0
1456,0553212494,8.0
2807,2211067115,8.0
1450,0553145959,8.0
2812,222602308,8.0
2814,2226090932,8.0
2825,2253002933,8.0
1439,0553089285,8.0
2820,2246235111,8.0
1433,0553029525,8.0
1432,0552546933,8.0
2823,2246649110,8.0
2824,2253002690,8.0
2748,1896332072,8.0
2745,1894917022,8.0
1744,0671016784,8.0
2568,0968063128,8.0
2542,0916211711,8.0
1691,067005898X,8.0
2549,0929141946,8.0
2551,0930289528,8.0
1684,0609802623,8.0
2567,0967907306,8.0
2569,0968303145,8.0
1696,0670306118,8.0
2572,0969306865,8.0
2573,0973047305,8.0
2576,140120113X,8.0
2577,140270870X,8.0
2580,1550416294,8.0
2582,1550548913,8.0
2541,0916211703,8.0
2540,091621169X,8.0
2585,1550744925,8.0
2503,0893811289,8.0
1743,067101563X,8.0
2474,0888303092,8.0
2475,0888782896,8.0
2477,0891073906,8.0
2490,0893753475,8.0
2502,089381119X,8.0
1727,0671004549,8.0
2539,0916211606,8.0
2505,0893811688,8.0
2526,0912810157,8.0
2533,0916211525,8.0
2534,0916211533,8.0
2535,0916211541,8.0
2537,0916211584,8.0
2583,1550549170,8.0
2586,1551110636,8.0
1566,057507390X,8.0
2712,1593840349,8.0
2687,1570429200,8.0
1600,0590405950,8.0
2704,1573441120,8.0
2705,15756122,8.0
2708,1582343314,8.0
2711,1586212044,8.0
2722,1853263931,8.0
2675,1567186637,8.0
2723,1855385074,8.0
2726,1858687470,8.0
2728,1861602758,8.0
2730,1875137653,8.0
2738,1883013429,8.0
1567,0575075503,8.0
2678,1567189504,8.0
2671,1567183034,8.0
2596,155166948X,8.0
2610,1552631966,8.0
2602,155192370X,8.0
2603,1551924781,8.0
2604,1551925605,8.0
2605,1551925702,8.0
2606,1551926431,8.0
2608,1552040070,8.0
2611,1552673057,8.0
2670,1567182836,8.0
2613,1552781534,8.0
2614,1552783529,8.0
2616,1555835511,8.0
2631,1559029897,8.0
2640,1560766115,8.0
2665,1566040477,8.0
3254,8422645541,8.0
1042,0425099229,8.0
3255,8422645548,8.0
3878,8434892294,8.0
503,0345376013,8.0
3930,844064227X,8.0
3929,8440642261,8.0
3916,8439702108,8.0
3912,8439596197,8.0
518,0345417062,8.0
3908,8439591675,8.0
523,0345419642,8.0
3903,8439527020,8.0
3902,8439527012,8.0
3900,8437614023,8.0
538,034544194X,8.0
539,0345442644,8.0
3256,8422645556,8.0
409,0312972849,8.0
564,0373030266,8.0
3804,8433913670,8.0
567,0373030428,8.0
3802,8433912712,8.0
3780,8433906909,8.0
586,0373031386,8.0
3763,8432919594,8.0
3762,8432703518,8.0
596,0373032692,8.0
597,0373033117,8.0
3757,843223155X,8.0
603,0373033419,8.0
3755,8432223364,8.0
3933,844065880X,8.0
3936,8440662319,8.0
3937,8440663099,8.0
3938,8440666896,8.0
411,0312976275,8.0
4047,8472232212,8.0
4045,8472231712,8.0
4044,8472231496,8.0
420,0312984820,8.0
4038,8471769468,8.0
424,0316107549,8.0
4034,8470610309,8.0
436,0316738735,8.0
437,0316754684,8.0
4024,8470020765,8.0
4016,8467206764,8.0
444,0340737573,8.0
445,0340737581,8.0
447,0340828994,8.0
448,0345070379,8.0
4003,846630620X,8.0
454,0345288610,8.0
3998,8460722562,8.0
3992,8449503698,8.0
3986,8448000412,8.0
471,0345328116,8.0
473,0345330021,8.0
3962,844507118I,8.0
3946,8440685572,8.0
3943,8440677219,8.0
495,0345368894,8.0
3738,843222250X,8.0
3737,8432222496,8.0
3719,8432222291,8.0
3575,8428817456,8.0
3572,8428604630,8.0
3551,8427202997,8.0
3550,8427202989,8.0
780,0373707010,8.0
3549,8427202970,8.0
3548,8427202938,8.0
3547,8427202881,8.0
3546,8427202857,8.0
3545,8427202831,8.0
3544,8427202806,8.0
3543,8427202792,8.0
3542,8427202776,8.0
791,0375401075,8.0
3541,8427202768,8.0
3540,842720275X,8.0
3539,8427202733,8.0
796,0375407707,8.0
3538,8427202660,8.0
3537,8427202636,8.0
803,0375703764,8.0
3536,842720261X,8.0
3535,8427201664,8.0
3534,8427201648,8.0
3533,842720163X,8.0
812,0380477874,8.0
3532,8427201621,8.0
3531,8427201591,8.0
3574,8428817448,8.0
3576,8428817464,8.0
640,0373109350,8.0
3577,8428817758,8.0
645,0373110723,8.0
3713,8432222232,8.0
3709,8432222194,8.0
3700,8432222100,8.0
3693,8432222038,8.0
3691,8432221996,8.0
3690,8432221961,8.0
675,0373117043,8.0
3683,8432221872,8.0
3663,8432221651,8.0
701,0373122306,8.0
707,037312273X,8.0
3649,8432069116,8.0
3641,8432047368,8.0
3616,8431500433,8.0
735,0373223897,8.0
3611,8430584773,8.0
3609,8430584714,8.0
3606,8430577025,8.0
3601,8429747796,8.0
3599,8429743944,8.0
3596,8429743251,8.0
3594,8429742468,8.0
3592,842974097X,8.0
757,0373259549,8.0
3585,8429731180,8.0
3582,8429726578,8.0
4048,8472234045,8.0
407,0312971125,8.0
3529,8427201559,8.0
4406,8484031365,8.0
95,0061053104,8.0
99,0061067121,8.0
100,0061067156,8.0
101,0061067199,8.0
4445,848718734X,8.0
105,0061099813,8.0
106,0062513095,8.0
110,0064400557,8.0
4433,848643324X,8.0
4415,8484701042,8.0
4414,8484700410,8.0
4411,8484375714,8.0
4410,8484375676,8.0
136,0139159355,8.0
404,0312962940,8.0
152,0140050256,8.0
4397,8483106221,8.0
155,0140058559,8.0
158,0140071768,8.0
162,0140177396,8.0
4386,8483100681,8.0
4381,8483100436,8.0
4361,8483000261,8.0
4360,8482644122,8.0
182,0140440518,8.0
4350,8482370669,8.0
4348,8481302031,8.0
4340,848016476X,8.0
89,0061051128,8.0
4456,8488342470,8.0
84,0061020656,8.0
80,0061020060,8.0
4,0006485324,8.0
4523,9806053443,8.0
8,0020442300,8.0
4520,9686001042,8.0
4517,9681670469,8.0
18,0028639456,8.0
22,0030617332,8.0
26,0060011939,8.0
28,0060012560,8.0
29,0060013125,8.0
33,0060090383,8.0
4501,9505111215,8.0
4498,9501505219,8.0
4492,8497081048,8.0
4491,8496246620,8.0
4490,8496246086,8.0
4480,8495873648,8.0
4479,849587363X,8.0
59,0060535733,8.0
60,0060548479,8.0
4473,8495376466,8.0
4471,8495359405,8.0
4468,8495178737,8.0
70,0060956445,8.0
4462,8489669635,8.0
74,0061003794,8.0
76,0061009059,8.0
4339,8480163437,8.0
196,0141302933,8.0
4333,8480161604,8.0
4150,8475090362,8.0
4136,8474619092,8.0
4135,8474619068,8.0
4134,847461905X,8.0
4133,8474619041,8.0
4132,8474619033,8.0
4131,8474619025,8.0
4130,8474619009,8.0
4129,8474618991,8.0
339,0307302024,8.0
4097,847454162X,8.0
4096,8474541425,8.0
4094,8474541050,8.0
4093,8474540526,8.0
4083,8474440556,8.0
4081,8474237297,8.0
364,0312088418,8.0
4062,8472238997,8.0
367,0312200404,8.0
4060,8472238911,8.0
381,0312490305,8.0
382,0312850239,8.0
388,0312864256,8.0
4058,8472238865,8.0
394,0312876912,8.0
396,0312876939,8.0
4051,8472236935,8.0
402,0312959842,8.0
4137,847461954,8.0
4151,8475090451,8.0
199,014230218X,8.0
4157,8475171109,8.0
4332,8479550597,8.0
205,0151006040,8.0
4320,8479276401,8.0
217,0192815326,8.0
225,0195074750,8.0
4304,8478882138,8.0
4303,8478809856,8.0
228,0198641583,8.0
4300,8478808620,8.0
4298,8478808183,8.0
4295,8478805265,8.0
4271,847783096,8.0
4268,8477830266,8.0
4267,847783024X,8.0
4265,8477830223,8.0
4263,8477830207,8.0
4262,8477830185,8.0
4261,8477830177,8.0
4260,8477830150,8.0
4259,8477830142,8.0
4257,847783010X,8.0
4241,8477204055,8.0
4217,8475968279,8.0
4212,8475965148,8.0
4205,8475560490,8.0
4203,8475309984,8.0
4165,8475303226,8.0
3530,8427201583,8.0
2086,0743475208,8.0
3382,842268456X,8.0
3326,8422663686,8.0
927,0394512316,8.0
3518,8427200463,8.0
928,0394529685,8.0
830,0380756501,8.0
3358,8422676389,8.0
3438,8423304256,8.0
3451,8423654966,8.0
3323,8422663643,8.0
3349,8422672979,8.0
3373,8422680319,8.0
3393,8422686325,8.0
3324,842266366X,8.0
3392,842268621X,8.0
3325,8422663678,8.0
989,0397002858,8.0
3464,8423992160,8.0
916,0385504209,8.0
3517,8427200439,8.0
843,0380784157,8.0
3461,8423970752,8.0
859,0380811065,8.0
857,0380808307,8.0
3462,8423973573,8.0
3321,842266298I,8.0
3287,842265847X,8.0
3352,8422674491,8.0
833,0380759268,8.0
926,0394441567,8.0
924,0393959074,8.0
3459,8423920518,8.0
834,0380761319,8.0
3394,8422686376,8.0
3322,8422663538,8.0
3357,8422676133,8.0
967,0394910400,8.0
3519,8427201168,8.0
3520,8427201249,8.0
3524,8427201389,8.0
888,0385259174,8.0
996,0399138250,8.0
3337,8422666774,8.0
3377,842268215X,8.0
3526,8427201494,8.0
3338,8422667673,8.0
3527,8427201516,8.0
3454,8423901564,8.0
820,0380710722,8.0
3528,8427201524,8.0
3490,842635095X,8.0
862,0380815583,8.0
853,0380802317,8.0
3257,8422645564,8.0
3472,8425309506,8.0
3523,8427201362,8.0
3522,842720132X,8.0
931,0394588428,8.0
3521,8427201303,8.0
3328,8422663708,8.0
3329,8422663724,8.0
3334,8422665816,8.0
3389,8422685442,8.0
3468,8424139070,8.0
876,038089968X,8.0
3390,8422685450,8.0
3481,8425334152,8.0
3265,842264892X,8.0
3469,8424156277,8.0
3455,8423913074,8.0
3289,8422658798,8.0
3210,8422638304,7.5
1740,067101420X,7.5
1989,0684853515,7.5
1988,0684853507,7.5
1191,0446526339,7.5
432,0316602051,7.5
1709,0670844527,7.5
1707,0670835382,7.5
1700,0670813028,7.5
1013,0399149848,7.5
1863,0671737627,7.5
1268,0451167805,7.5
801,0375504397,7.5
4231,8476344309,7.0
4232,847640252X,7.0
3176,842263094X,7.0
4154,8475094791,7.0
2267,0812562844,7.0
4197,8475308139,7.0
4233,8476402651,7.0
4155,847509645X,7.0
2398,0867307609,7.0
4229,8476340656,7.0
3177,842263127X,7.0
2271,0812571452,7.0
2395,086492304X,7.0
4230,8476341199,7.0
2411,0875420508,7.0
2405,0874311977,7.0
1,0002313219,7.0
4236,8476694237,7.0
3173,8422630796,7.0
4149,8475061052,7.0
4148,8475024939,7.0
4144,8474861136,7.0
4237,8476696248,7.0
3172,8422630745,7.0
3371,842267923X,7.0
3167,8422627868,7.0
3165,8422626330,7.0
3163,8422623145,7.0
2416,0875421717,7.0
2417,0875421857,7.0
4228,8476340648,7.0
4158,8475302548,7.0
2418,0875428681,7.0
4202,8475309844,7.0
4210,8475964516,7.0
4206,8475960405,7.0
3180,8422631520,7.0
3178,8422631334,7.0
4191,8475306675,7.0
4192,8475307140,7.0
2355,0836221311,7.0
4201,847530950X,7.0
4227,8476340591,7.0
4193,8475307620,7.0
4194,8475307825,7.0
4200,8475309283,7.0
2330,0821742736,7.0
4195,8475307892,7.0
4199,8475308791,7.0
4198,8475308244,7.0
2277,0812589041,7.0
3181,842263189X,7.0
4190,8475306179,7.0
4189,847530611X,7.0
4223,8476145950,7.0
4221,8476145462,7.0
4220,8475970044,7.0
4219,8475970028,7.0
4166,8475303439,7.0
4170,8475303641,7.0
4172,8475303676,7.0
2392,0849942713,7.0
4184,8475304605,7.0
2387,0843950412,7.0
4218,8475969011,7.0
4186,8475305016,7.0
4187,847530530X,7.0
4188,8475305644,7.0
3183,8422632128,7.0
4196,8475308074,7.0
2930,355175537X,7.0
3162,8422623064,7.0
3119,8420727474,7.0
2511,089577352X,7.0
2509,0895294419,7.0
3437,8423108562,7.0
4046,8472231879,7.0
3430,8422697351,7.0
3425,8422694107,7.0
3419,8422694042,7.0
4049,8472234150,7.0
3120,8420743550,7.0
3124,8421700022,7.0
4052,8472237699,7.0
4053,8472237702,7.0
4054,8472238334,7.0
4055,8472238407,7.0
3122,8420941026,7.0
3123,8421632787,7.0
4056,8472238415,7.0
2479,0892814926,7.0
4043,847223116X,7.0
2514,0898658586,7.0
3109,8420626945,7.0
4041,8472142418,7.0
3448,8423406466,7.0
3101,842060769X,7.0
4031,8470210386,7.0
2546,0919662099,7.0
4032,8470315889,7.0
4033,8470390260,7.0
3102,842061095X,7.0
3444,8423328813,7.0
3105,842061615X,7.0
4035,8470801015,7.0
4036,8471532352,7.0
4037,8471666391,7.0
2532,0916211517,7.0
2531,0916211185,7.0
3442,8423320219,7.0
2529,0915442841,7.0
3441,8423317374,7.0
4057,8472238857,7.0
3125,8421700146,7.0
3160,8422622424,7.0
4098,8474542960,7.0
4089,847454033X,7.0
4090,8474540422,7.0
4091,8474540453,7.0
4092,8474540488,7.0
2440,0880389095,7.0
4095,8474541131,7.0
3155,8422620197,7.0
2439,0880388382,7.0
2438,0880387769,7.0
4059,8472238873,7.0
4099,8474543010,7.0
2434,0880385480,7.0
3158,8422621266,7.0
4100,8474543339,7.0
4101,8474564662,7.0
4102,8474611997,7.0
4103,8474612004,7.0
3383,8422684608,7.0
4244,8477209804,7.0
2451,0882435205,7.0
2456,0886468655,7.0
4078,8474108292,7.0
2473,0886779995,7.0
3126,8421700472,7.0
3127,8421700715,7.0
3131,8422606615,7.0
4061,8472238970,7.0
4063,8472239039,7.0
4064,8472239063,7.0
4066,8472239586,7.0
4067,8472239594,7.0
2464,0886776848,7.0
4068,8472239608,7.0
2463,0886776430,7.0
2462,0886776317,7.0
4069,8472453723,7.0
2461,0886775213,7.0
4073,8473864026,7.0
4074,847386560X,7.0
2449,0881843008,7.0
4270,8477830304,7.0
2262,0812535545,7.0
4444,8486763080,7.0
2137,077473129X,7.0
2135,0771098758,7.0
4438,8486491835,7.0
4439,8486623685,7.0
4440,8486639158,7.0
4442,8486639522,7.0
4443,8486639646,7.0
2131,0771037953,7.0
3230,842264066X,7.0
3318,8422662213,7.0
4432,8486411238,7.0
3317,8422660423,7.0
2127,0771014856,7.0
3232,8422641135,7.0
3316,8422660342,7.0
4448,8487403220,7.0
4451,8487746187,7.0
3301,842265959X,7.0
3293,8422659220,7.0
3234,8422642069,7.0
4435,8486433347,7.0
4429,848627916X,7.0
4459,8489618712,7.0
2155,0786708670,7.0
2168,0786903295,7.0
2166,0786901683,7.0
3336,8422666030,7.0
3335,8422665875,7.0
4398,8483106590,7.0
4400,8483106914,7.0
4402,8483107740,7.0
4405,8483280035,7.0
4408,8484370291,7.0
3229,8422640457,7.0
4428,8485859944,7.0
4417,8485224159,7.0
4418,848522440X,7.0
4419,8485224574,7.0
4423,8485704096,7.0
4424,848570410X,7.0
4425,8485704118,7.0
2149,0785814914,7.0
2148,0785814892,7.0
4426,8485704711,7.0
3235,8422643553,7.0
3237,842264388X,7.0
2170,0786906642,7.0
3266,842264924I,7.0
4495,8497932145,7.0
2098,0752272411,7.0
2097,0743532945,7.0
4496,8870090345,7.0
3270,8422652897,7.0
3247,8422645327,7.0
4502,9505118643,7.0
3269,8422652889,7.0
3267,8422650711,7.0
2094,0743483510,7.0
2102,0752584855,7.0
3264,8422648601,7.0
4513,9506141134,7.0
4515,9561308924,7.0
4518,9684035950,7.0
4519,9684322046,7.0
3260,8422647672,7.0
3259,842264763X,7.0
2089,0743477073,7.0
3258,8422646048,7.0
2101,0752584847,7.0
3241,8422644673,7.0
3238,842264441X,7.0
2107,0758202555,7.0
3288,8422658739,7.0
3286,8422658267,7.0
3281,8422656035,7.0
4472,8495359537,7.0
3280,8422655802,7.0
4475,8495501473,7.0
3278,8422654032,7.0
3277,842265394X,7.0
2109,0760702969,7.0
3239,8422644452,7.0
3272,8422653168,7.0
3274,8422653273,7.0
2106,0758200412,7.0
4481,8495941252,7.0
4482,8495980096,7.0
2103,0752597558,7.0
4484,8496123081,7.0
4485,8496172090,7.0
4486,849617221X,7.0
4487,8496172430,7.0
2169,0786904364,7.0
2171,0786907916,7.0
4245,847727147X,7.0
3196,8422635569,7.0
2238,0806938277,7.0
2237,0806927798,7.0
4276,8478096167,7.0
2235,0806520310,7.0
4278,8478098623,7.0
4286,8478760717,7.0
4293,8478801960,7.0
3195,8422635550,7.0
4297,8478807276,7.0
3356,8422675498,7.0
4275,8478093303,7.0
3355,8422675463,7.0
3197,8422635577,7.0
3198,8422635585,7.0
3353,8422674877,7.0
4316,8479013710,7.0
4317,8479018682,7.0
4321,8479530006,7.0
4322,8479530936,7.0
2224,0805000739,7.0
2239,0806996188,7.0
4272,8478082441,7.0
4326,8479532165,7.0
4256,8477830088,7.0
4246,847727164X,7.0
4249,8477357862,7.0
4250,8477394423,7.0
4251,847748032X,7.0
4252,8477480397,7.0
4253,8477480567,7.0
2255,0812509242,7.0
4254,8477650160,7.0
4255,8477825629,7.0
3187,8422634716,7.0
4269,8477830274,7.0
4258,8477830126,7.0
3361,8422678268,7.0
3188,8422634872,7.0
3189,8422635496,7.0
3360,8422676915,7.0
3190,842263550X,7.0
3191,8422635518,7.0
3192,8422635526,7.0
3193,8422635534,7.0
4323,8479531487,7.0
3348,8422672138,7.0
4396,8483106043,7.0
4384,8483100622,7.0
3341,8422671255,7.0
4362,8483000393,7.0
2187,078692974X,7.0
4365,8483001276,7.0
4379,8483100258,7.0
3340,8422670852,7.0
2186,0786929537,7.0
4382,8483100541,7.0
4383,8483100592,7.0
4387,8483100908,7.0
2190,0786932724,7.0
4388,8483102307,7.0
2182,0786928549,7.0
2181,0786928514,7.0
2180,078692845X,7.0
4391,8483105357,7.0
2178,0786926597,7.0
2177,0786926554,7.0
2176,0786926538,7.0
4394,8483106000,7.0
2189,0786931361,7.0
2191,0786932813,7.0
3200,8422635607,7.0
3345,8422671891,7.0
3203,8422636123,7.0
4334,8480161744,7.0
3207,8422637685,7.0
4336,8480162422,7.0
4337,848016283X,7.0
4338,8480162848,7.0
3208,8422637782,7.0
3209,842263824X,7.0
4341,8480164778,7.0
4351,8482380001,7.0
2192,0787120758,7.0
4353,8482384228,7.0
4356,8482563653,7.0
4357,8482567365,7.0
3211,8422638452,7.0
2196,0802130208,7.0
4358,8482641115,7.0
4359,8482644114,7.0
2194,0792453263,7.0
3342,842267127I,7.0
3449,842363258X,7.0
2578,1550138596,7.0
2552,093108962X,7.0
2848,2264006919,7.0
3682,8432221864,7.0
3005,8401442222,7.0
3684,8432221899,7.0
2845,2264004118,7.0
3685,8432221902,7.0
2842,2264001747,7.0
3686,8432221910,7.0
3687,8432221929,7.0
3688,8432221937,7.0
2839,2253170429,7.0
3689,8432221945,7.0
3007,8401460212,7.0
3009,8401462746,7.0
3692,843222202X,7.0
2835,2253060348,7.0
3014,8401491029,7.0
2833,2253058157,7.0
2832,225305786X,7.0
2831,2253031798,7.0
3694,8432222046,7.0
3695,8432222054,7.0
3681,8432221856,7.0
2849,2264008229,7.0
3657,8432205842,7.0
3680,8432221848,7.0
2858,2267004836,7.0
3661,8432221538,7.0
3662,8432221643,7.0
3004,8401427207,7.0
3664,843222166X,7.0
3665,8432221678,7.0
3666,8432221686,7.0
3667,8432221694,7.0
2853,2266004034,7.0
3668,8432221708,7.0
3669,8432221716,7.0
3670,8432221724,7.0
3671,8432221732,7.0
3672,8432221740,7.0
3673,8432221759,7.0
3674,8432221767,7.0
3675,8432221775,7.0
3676,8432221783,7.0
3677,8432221791,7.0
3678,8432221805,7.0
3679,8432221821,7.0
3696,8432222062,7.0
2828,2253026271,7.0
2827,2253006750,7.0
3697,8432222070,7.0
3717,8432222275,7.0
2810,2226002847,7.0
2809,2221007722,7.0
3718,8432222283,7.0
3721,8432222313,7.0
3722,8432222321,7.0
3723,843222233X,7.0
3724,8432222348,7.0
3725,8432222356,7.0
3726,8432222380,7.0
3727,8432222399,7.0
2802,2203312173,7.0
2801,2203218074,7.0
3728,8432222402,7.0
3729,8432222410,7.0
3730,8432222429,7.0
3731,8432222437,7.0
2799,207074955X,7.0
2798,2070727157,7.0
3732,8432222445,7.0
3733,8432222453,7.0
2811,2226014799,7.0
3715,8432222259,7.0
3714,8432222240,7.0
2822,2246286816,7.0
3698,8432222089,7.0
3699,8432222097,7.0
3494,8426429602,7.0
3701,84322221119,7.0
3702,8432222127,7.0
3703,8432222135,7.0
3704,8432222143,7.0
3705,8432222151,7.0
3706,843222216X,7.0
2821,2246286018,7.0
3020,8401498422,7.0
3707,8432222178,7.0
2819,2246007232,7.0
3708,8432222186,7.0
2817,2234048028,7.0
2816,2228127116,7.0
3016,8401491851,7.0
3710,8432222208,7.0
3712,8432222224,7.0
3493,8426411886,7.0
3499,8427008767,7.0
3655,8432070157,7.0
3735,843222247X,7.0
2966,840132291X,7.0
3562,8427210981,7.0
3567,8427908040,7.0
3568,8427931204,7.0
3570,842820893X,7.0
3571,8428325529,7.0
2902,2864240114,7.0
2901,2862150533,7.0
2973,8401323282,7.0
2899,2844121578,7.0
2898,284362178X,7.0
2897,2842710835,7.0
2896,2842630858,7.0
2974,8401323304,7.0
2980,8401323967,7.0
3578,8429700781,7.0
3579,8429712828,7.0
3588,8429735240,7.0
3591,8429739378,7.0
3516,8427200269,7.0
2888,2803614324,7.0
3513,8427029489,7.0
2968,8401322995,7.0
2965,8401322863,7.0
3654,8432069264,7.0
2955,8401240697,7.0
2928,3551755353,7.0
2932,3822868078,7.0
2927,3551755345,7.0
2926,3551755337,7.0
2925,3551755329,7.0
2924,3551755310,7.0
3525,842720146X,7.0
2935,7478808671,7.0
2936,8120813871,7.0
2918,2908957086,7.0
2940,8401240107,7.0
2916,2903157294,7.0
2944,8401240298,7.0
2945,8401240301,7.0
2946,8401240379,7.0
2913,2877303004,7.0
2948,8401240417,7.0
2950,8401240484,7.0
2951,8401240514,7.0
2952,8401240557,7.0
2953,8401240662,7.0
3595,8429742727,7.0
2983,8401324734,7.0
2988,8401335337,7.0
3600,842974505X,7.0
2869,2702419542,7.0
3623,8431512075,7.0
3624,843158355X,7.0
2867,2700210182,7.0
3626,8432037311,7.0
2866,26030000217,7.0
3627,8432038237,7.0
3628,8432041971,7.0
3503,8427013744,7.0
3642,8432047759,7.0
2864,2277301736,7.0
3644,8432053821,7.0
3648,8432068020,7.0
3502,8427013736,7.0
3650,8432069140,7.0
3651,8432069159,7.0
3652,8432069191,7.0
3501,8427013477,7.0
2862,2277300667,7.0
3653,843206923X,7.0
2860,2267016397,7.0
2870,2703302118,7.0
2871,2705000631,7.0
3622,8431510706,7.0
3608,8430578633,7.0
3511,8427026218,7.0
2885,2742738576,7.0
3602,8429748644,7.0
3604,8430077707,7.0
3605,8430577017,7.0
2882,2742730729,7.0
2881,2730402144,7.0
3509,8427025645,7.0
3607,8430577270,7.0
2991,8401371716,7.0
2872,2705000941,7.0
2879,2720100110,7.0
2878,2715805640,7.0
3610,8430584749,7.0
3508,8427024436,7.0
3614,8431022221,7.0
3615,8431022299,7.0
3507,842702407X,7.0
3618,8431503467,7.0
3620,8431504382,7.0
3734,8432222461,7.0
3736,8432222488,7.0
4015,8467205318,7.0
2688,157064120X,7.0
2686,1570426821,7.0
2685,1570424640,7.0
2681,156865765X,7.0
3931,8440644124,7.0
2679,156718961X,7.0
3932,8440648383,7.0
2677,1567188079,7.0
3465,8423992306,7.0
3077,8420427934,7.0
2672,1567183042,7.0
3934,8440658966,7.0
3078,8420428116,7.0
3083,8420432016,7.0
2663,1565112318,7.0
3939,8440674112,7.0
2659,1565040783,7.0
2657,1565040538,7.0
2655,1565040295,7.0
2654,1565040201,7.0
2653,1564144941,7.0
2652,1564144879,7.0
3467,8424128540,7.0
3074,8408050133,7.0
2729,1862047626,7.0
3926,8440636342,7.0
3906,8439588585,7.0
2725,1858685648,7.0
3907,8439588925,7.0
2721,1853263613,7.0
2719,1853263370,7.0
2718,1853263338,7.0
2717,1853260535,7.0
2714,184193013X,7.0
3909,8439591691,7.0
2710,1585671169,7.0
2709,1585421065,7.0
3911,8439592183,7.0
2706,1575662663,7.0
3917,8439711115,7.0
3919,8440220588,7.0
2700,1573228214,7.0
3921,8440609191,7.0
2699,1573226122,7.0
2697,1572970669,7.0
2696,1572970251,7.0
3923,8440620136,7.0
3941,8440676077,7.0
2642,1560768452,7.0
2641,1560766344,7.0
3089,8420478725,7.0
2593,1551668378,7.0
3976,8447302113,7.0
3977,8447302237,7.0
3978,844730230X,7.0
3980,8447313476,7.0
3983,8447313565,7.0
2581,1550547364,7.0
3984,844731842,7.0
2929,3551755361,7.0
3094,8420509515,7.0
3987,8448301927,7.0
3990,8449503353,7.0
2574,1400000408,7.0
3991,844950337X,7.0
3457,8423920240,7.0
2571,0969069502,7.0
3993,8449996171,7.0
4001,8466300570,7.0
4002,8466301240,7.0
3098,8420604488,7.0
3453,8423800037,7.0
3093,8420482552,7.0
3974,8447302091,7.0
3458,8423920399,7.0
2612,1552780023,7.0
2639,1560763760,7.0
2635,1560761105,7.0
3948,8440690347,7.0
3949,8440691459,7.0
3954,8440694660,7.0
3956,8441400156,7.0
3958,844140206X,7.0
3959,8441409439,7.0
3960,8441510547,7.0
3961,8441511446,7.0
2599,1551669625,7.0
3963,8445802682,7.0
3966,844730003X,7.0
3968,8447300099,7.0
3970,8447301826,7.0
3971,8447301834,7.0
3972,8447302075,7.0
3973,8447302083,7.0
2601,1551923580,7.0
2600,1551801892,7.0
3473,8425313279,7.0
3905,8439588550,7.0
3028,8401520738,7.0
3034,8402025064,7.0
3489,842613193X,7.0
3487,8425508355,7.0
3764,8432994413,7.0
3767,8433495461,7.0
3769,8433551367X,7.0
3770,8433551396,7.0
3771,843355140X,7.0
2774,2040218246,7.0
3773,8433566431,7.0
3774,8433902040,7.0
3041,8402090443,7.0
3776,8433905554,7.0
2772,2040170197,7.0
3777,8433905635,7.0
3779,8433906798,7.0
3042,8403071981,7.0
3781,8433906917,7.0
3782,843390695X,7.0
3783,8433906984,7.0
3784,8433908200,7.0
3786,8433908502,7.0
3036,8402060633,7.0
3760,843229585X,7.0
2731,1875137955,7.0
3758,8432245925,7.0
2796,2070565815,7.0
3491,8426351735,7.0
2795,2070513793,7.0
3739,8432222518,7.0
2793,2070425479,7.0
3740,8432222526,7.0
3741,8432222542,7.0
3742,8432222550,7.0
3743,8432222569,7.0
3744,8432222577,7.0
3745,8432222585,7.0
3746,8432222593,7.0
3747,8432222615,7.0
3748,8432222623,7.0
2787,2070380564,7.0
3749,8432222631,7.0
3750,843222264X,7.0
3751,8432222658,7.0
3752,8432222666,7.0
3753,8432222674,7.0
3756,8432223372,7.0
2767,2020482401,7.0
3787,8433908561,7.0
2766,2020331632,7.0
3790,8433908804,7.0
3873,8434589818,7.0
3875,8434827166,7.0
2751,1903025133,7.0
3053,8408013025,7.0
3879,8435001792,7.0
2747,1895455545,7.0
3477,8425329604,7.0
3881,8435015173,7.0
3882,843503352X,7.0
3895,8437607000,7.0
2743,1890856029,7.0
3056,8408015486,7.0
3901,8439500041,7.0
2741,1887354271,7.0
2740,1886155011,7.0
2739,1884822738,7.0
3475,8425327571,7.0
3058,8408017136,7.0
2736,1880418568,7.0
2735,1879431637,7.0
3904,8439588534,7.0
3871,8434588943,7.0
3870,8434588927,7.0
3869,8434588897,7.0
3050,840801014X,7.0
3793,8433908863,7.0
3795,8433909126,7.0
3796,8433910868,7.0
3801,8433912615,7.0
3485,8425414296,7.0
3484,8425413699,7.0
3049,8403681011,7.0
2761,2020226510,7.0
3843,8433920863,7.0
3848,8433923110,7.0
3868,8434588870,7.0
3853,8433923439,7.0
3855,8433923501,7.0
3859,8433931067,7.0
2759,2020050536,7.0
3051,8408011200,7.0
2757,2013219466,7.0
3864,8434588811,7.0
3866,8434588846,7.0
3867,8434588854,7.0
2758,2020043483,7.0
0,0002255049,7.0
2084,074346754X,7.0
1273,0451173139,7.0
1180,0446362468,7.0
1189,0446520802,7.0
1201,0446610038,7.0
1205,0446672289,7.0
1225,0449223833,7.0
1230,0449904067,7.0
1240,0451139739,7.0
1243,0451150317,7.0
1249,0451158601,7.0
1254,0451160452,7.0
1256,0451161343,7.0
1261,0451163524,7.0
1276,0451177096,7.0
1171,0441478069,7.0
1278,0451180232,7.0
1285,0451188462,7.0
1290,0451194071,7.0
1292,0451198646,7.0
1297,0451204530,7.0
1301,0451205669,7.0
1308,0451403673,7.0
1310,0451405366,7.0
1313,0451406869,7.0
1319,0451458591,7.0
1326,0451524934,7.0
1329,0451526279,7.0
1172,0441478123,7.0
1170,0441385540,7.0
1339,0452267757,7.0
1088,0439404371,7.0
937,0394757661,7.0
2083,0743464435,7.0
977,0395051401,7.0
992,0399128433,7.0
1004,039914563X,7.0
1021,0413625400,7.0
1025,0425060446,7.0
1061,0425171078,7.0
1067,0425182673,7.0
1070,0425185710,7.0
1071,042518756X,7.0
1085,0439295025,7.0
1103,0440204321,7.0
1166,0441294677,7.0
1105,0440206707,7.0
1108,0440209633,7.0
1110,0440211476,7.0
1112,0440211492,7.0
1119,044022165X,7.0
1125,0440225701,7.0
1129,0440234743,7.0
1133,0440236711,7.0
1154,0441004873,7.0
1155,0441005241,7.0
1158,0441011136,7.0
1161,044110276X,7.0
1334,0452257743,7.0
1346,0452279755,7.0
1834,0671692690,7.0
1757,0671027573,7.0
1695,0670272663,7.0
1710,0670851086,7.0
1714,0670864013,7.0
1716,067087146X,7.0
1725,0671003461,7.0
1730,0671008943,7.0
1736,0671013955,7.0
1737,0671013963,7.0
1738,0671013971,7.0
1739,067101398X,7.0
1742,0671014463,7.0
1745,0671019759,7.0
1759,0671032550,7.0
1687,0613973143,7.0
1765,0671034774,7.0
1766,0671035347,7.0
1767,0671035460,7.0
1768,067103619X,7.0
1772,0671042394,7.0
1780,0671047884,7.0
1781,0671319639,7.0
1791,0671502522,7.0
1792,0671516922,7.0
1795,0671521500,7.0
1819,0671652419,7.0
1830,0671684027,7.0
1689,0658003860,7.0
1682,0609610597,7.0
1350,0460870599,7.0
1489,0553273914,7.0
1353,0486285537,7.0
1397,0517123150,7.0
1399,0517149591,7.0
1467,0553246364,7.0
1469,0553246798,7.0
1470,0553247204,7.0
1473,0553249916,7.0
1477,0553257412,7.0
1479,0553259210,7.0
1480,0553259873,7.0
1481,0553263714,7.0
1482,0553265784,7.0
1502,0553297260,7.0
1681,0609601032,7.0
1503,0553297996,7.0
1504,055329802X,7.0
1506,0553298062,7.0
1517,0553564684,7.0
1520,0553566067,7.0
1545,055357549X,7.0
1556,0553584367,7.0
1557,0553584898,7.0
1560,0553801171,7.0
1565,0572015445,7.0
1568,0586024409,7.0
1665,059055526X,7.0
922,0393303756,7.0
920,0385720955,7.0
894,0385314760,7.0
443,0340653833,7.0
211,015216250X,7.0
212,0152162577,7.0
226,0195408195,7.0
366,0312192843,7.0
392,031287216X,7.0
397,0312890419,7.0
399,0312924585,7.0
422,0316106909,7.0
426,0316126446,7.0
439,0316776963,7.0
440,0316777730,7.0
442,0340393130,7.0
446,0340742496,7.0
208,0152006729,7.0
449,0345260791,7.0
450,0345275802,7.0
457,0345307674,7.0
464,0345316509,7.0
465,0345316665,7.0
472,0345330005,7.0
474,0345330056,7.0
476,0345331826,7.0
485,0345350057,7.0
488,0345353145,7.0
489,0345354621,7.0
493,034536550X,7.0
210,015204941X,7.0
207,0152002391,7.0
877,0380973405,7.0
71,006099486X,7.0
2,0004723708,7.0
5,0006498140,7.0
17,0028636279,7.0
19,0028981294,7.0
32,0060090375,7.0
34,0060092645,7.0
47,0060245603,7.0
53,0060391782,7.0
55,006039367X,7.0
61,0060560754,7.0
65,0060927216,7.0
67,006092991X,7.0
87,0061032093,7.0
206,0151191549,7.0
96,0061054267,7.0
107,0062513346,7.0
108,0062514628,7.0
123,0070118833,7.0
139,0140011749,7.0
145,0140032193,7.0
164,0140196099,7.0
165,0140196161,7.0
175,0140366857,7.0
180,0140435905,7.0
193,0141000198,7.0
198,0142002267,7.0
509,0345386132,7.0
514,0345404319,7.0
515,0345407113,7.0
817,0380703882,7.0
708,0373122764,7.0
716,0373123787,7.0
724,0373168373,7.0
727,0373170998,7.0
736,0373223927,7.0
747,0373224907,7.0
748,037322513X,7.0
751,037322639X,7.0
752,0373242859,7.0
795,0375406158,7.0
805,037592423X,7.0
806,0376030445,7.0
819,0380708213,7.0
517,0345416872,7.0
824,0380727293,7.0
825,0380750260,7.0
827,0380752875,7.0
829,0380756269,7.0
836,0380762277,7.0
837,0380776049,7.0
838,0380776162,7.0
844,0380786443,7.0
845,0380789019,7.0
849,0380795116,7.0
854,0380803305,7.0
870,0380820854,7.0
704,0373122616,7.0
703,0373122446,7.0
702,0373122373,7.0
699,0373121113,7.0
526,0345424654,7.0
536,0345440781,7.0
549,0345462327,7.0
557,037303010X,7.0
560,0373030193,7.0
589,0373031556,7.0
593,0373032056,7.0
594,0373032420,7.0
604,0373033443,7.0
605,037303346X,7.0
608,0373034148,7.0
615,0373084579,7.0
622,0373099967,7.0
630,0373106289,7.0
636,0373108311,7.0
637,0373108370,7.0
643,0373109822,7.0
647,0373111657,7.0
655,0373113633,7.0
671,0373116039,7.0
681,0373117620,7.0
683,0373117922,7.0
686,037311804X,7.0
690,0373118368,7.0
695,0373119054,7.0
1832,067169071X,7.0
2263,0812550293,7.0
2013,0689824750,7.0
2058,0743424425,7.0
2057,0743418522,7.0
1942,0679452869,7.0
2032,0739300105,7.0
1999,0688155081,7.0
1857,0671736817,7.0
2030,0738700614,7.0
1856,0671736809,7.0
1897,067179552X,7.0
1914,0671880594,7.0
1956,0679751521,7.0
1889,0671760513,7.0
1924,0679310614,7.0
1986,0684849143,7.0
1922,0673992012,7.0
2002,0688166776,7.0
1875,067174142X,7.0
2069,0743444051,7.0
2027,0722536747,7.0
1894,0671778714,7.0
2060,074343112X,7.0
1900,0671797476,7.0
2033,0739400460,7.0
1848,0671729527,7.0
2076,0743448383,7.0
1858,067173685X,7.0
1918,0671885367,7.0
2022,070543513X,7.0
1895,0671792369,7.0
1892,0671778633,7.0
1845,0671722751,7.0
2023,0712666338,7.0
1847,0671723421,7.0
1913,0671878719,7.0
1921,0673992004,7.0
2049,0743237188,7.0
2056,0743412729,7.0
1852,0671735551,7.0
2024,0716740885,7.0
1979,0684801523,7.0
1998,0688150349,7.0
1940,0679450742,7.0
1854,0671736785,7.0
659,037311396X,6.5
1919,0671888587,6.5
1182,0446363669,6.5
2942,8401240239,6.5
2562,0960603034,6.5
1708,0670839531,6.5
1096,0440180295,6.5
2351,0836218833,6.5
3647,8432068012,6.5
3319,842266237X,6.5
2347,0836218353,6.5
1274,0451173317,6.5
2348,0836218620,6.5
2043,0743211383,6.333333333333333
4163,8475303064,6.0
2164,0786889411,6.0
4169,8475303471,6.0
4168,8475303463,6.0
4167,8475303455,6.0
460,0345313151,6.0
3716,8432222267,6.0
3136,8422612127,6.0
4162,8475303056,6.0
3982,8447313549,6.0
1247,0451155750,6.0
3981,8447313522,6.0
668,0373114699,6.0
669,0373114982,6.0
2713,1594480141,6.0
2669,1567182569,6.0
3979,8447302318,6.0
3985,844732423,6.0
2941,8401240220,6.0
978,0395051568,6.0
4181,8475304486,6.0
4183,8475304540,6.0
4180,8475304400,6.0
1264,0451166361,6.0
4179,8475304397,6.0
3279,8422655365,6.0
4185,8475304672,6.0
1886,0671746480,6.0
3988,8448812131,6.0
1258,0451162072,6.0
3284,8422656922,6.0
3138,8422612291,6.0
1266,0451167317,6.0
3139,842261264X,6.0
3137,8422612135,6.0
4175,8475304249,6.0
4174,8475303692,6.0
4173,8475303684,6.0
2931,3822867861,6.0
3711,8432222216,6.0
2702,157322930X,6.0
4171,847530365X,6.0
4182,8475304532,6.0
4216,8475966829,6.0
4207,8475961754,6.0
4247,8477290393,6.0
477,0345337662,6.0
696,037311916X,6.0
2957,8401303761,6.0
2627,1558747028,6.0
698,0373120125,6.0
2958,8401310245,6.0
4242,8477206384,6.0
4243,8477207348,6.0
700,037312225X,6.0
3660,8432220051,6.0
3969,8447300102,6.0
4248,8477292078,6.0
4234,8476510985,6.0
3658,8432206008,6.0
2960,8401321158,6.0
3656,8432089079,6.0
2961,8401321220,6.0
3333,8422663961,6.0
2175,0786926503,6.0
1121,044022389X,6.0
3967,8447300072,6.0
2609,1552094839,6.0
3965,8447300005,6.0
3964,84473000013,6.0
3128,8422601990,6.0
2954,8401240689,6.0
4208,8475962327,6.0
682,037311785X,6.0
2943,840124028X,6.0
2661,1565042492,6.0
468,0345322231,6.0
678,0373117450,6.0
4213,8475966144,6.0
4214,8475966292,6.0
2656,1565040422,6.0
4215,8475966403,6.0
2715,1842152769,6.0
3132,8422608308,6.0
2167,0786902604,6.0
2947,8401240409,6.0
275,0307103439,6.0
4222,8476145616,6.0
3975,8447302105,6.0
685,0373118023,6.0
4225,8476307489,6.0
4226,8476308469,6.0
2949,8401240425,6.0
1237,0451129504,6.0
3129,8422604604,6.0
2638,1560761539,6.0
2637,1560761164,6.0
2636,1560761156,6.0
4161,8475302998,6.0
555,0373028644,6.0
4160,847530298X,6.0
1328,0451525221,6.0
1089,0439455901,6.0
1341,0452273331,6.0
577,0373031114,6.0
2830,2253031216,6.0
363,0312029594,6.0
579,037303119X,6.0
441,0330267140,6.0
1431,0534353908,6.0
1336,0452262143,6.0
4070,8472454630,6.0
584,0373031327,6.0
4072,8473396413,6.0
2818,2246006848,6.0
1440,0553089307,6.0
3201,842263581X,6.0
4077,8474106273,6.0
3202,8422636093,6.0
4079,8474109450,6.0
4080,8474171539,6.0
3166,8422627310,6.0
3204,8422636220,6.0
1459,0553213105,6.0
4087,8474540054,6.0
4088,8474540097,6.0
3772,8433551531,6.0
386,0312855494,6.0
390,0312867662,6.0
3785,8433908499,6.0
1379,0515130990,6.0
3797,8433911929,6.0
2020,0698114272,6.0
1356,0505523876,6.0
1859,0671736868,6.0
571,0373030819,6.0
3175,8422630931,6.0
3794,8433908898,6.0
4039,8472100286,6.0
1375,0515126772,6.0
1376,0515128546,6.0
4040,847210060X,6.0
4042,8472142701,6.0
3169,8422629283,6.0
572,0373030940,6.0
3179,8422631342,6.0
3792,8433908820,6.0
412,0312979983,6.0
2844,2264003227,6.0
3182,8422631911,6.0
4050,8472236145,6.0
1407,0517582287,6.0
3789,8433908693,6.0
3788,843390860X,6.0
574,0373030991,6.0
2269,0812570693,6.0
1064,0425176932,6.0
4159,8475302963,6.0
1063,0425174808,6.0
2756,2013214596,6.0
1549,0553580221,6.0
1552,0553581643,6.0
4008,846660684X,6.0
2752,1903207703,6.0
1022,0415008824,6.0
1874,0671741411,6.0
3245,8422645181,6.0
1299,0451204824,6.0
1102,0440203015,6.0
624,037310426X,6.0
1876,0671741446,6.0
453,0345285549,6.0
1000,0399143165,6.0
3145,8422615312,6.0
3997,8460422984,6.0
3261,8422647761,6.0
3996,8450573335,6.0
4152,847509452X,6.0
4153,8475094600,6.0
2249,0811828840,6.0
3720,8432222305,6.0
639,0373108621,6.0
2720,1853263559,6.0
3141,8422614065,6.0
2212,0804107432,6.0
1114,0440213525,6.0
1035,0425087611,6.0
4106,8474618541,6.0
3768,8433551175,6.0
3766,8433494856,6.0
1056,0425156877,6.0
1055,0425150429,6.0
2785,2070376206,6.0
1992,0684862921,6.0
598,0373033281,6.0
1873,0671741403,6.0
1842,0671708368,6.0
4104,8474612128,6.0
3759,8432245933,6.0
4107,847461855X,6.0
1036,042508762X,6.0
2130,0771034520,6.0
3225,8422639041,6.0
2222,0804119724,6.0
3754,8432222682,6.0
606,0373033532,6.0
3157,8422620936,6.0
1045,0425104338,6.0
1111,0440211484,6.0
2894,2842051416,6.0
1534,0553572733,6.0
3233,8422641321,6.0
2969,8401323037,6.0
1349,0460870270,6.0
774,0373451784,6.0
2455,0886464560,6.0
3079,8420428485,6.0
56,0060514051,6.0
1756,0671025422,6.0
146,0140042210,6.0
3913,8439596448,6.0
3463,8423992101,6.0
2460,0886774268,6.0
2459,0886469937,6.0
4403,8483107821,6.0
516,0345409647,6.0
4476,8495772051,6.0
3565,8427285809,6.0
4370,8483004208,6.0
3890,8435060284,6.0
3460,8423921522,6.0
134,0136789706,6.0
4407,8484033449,6.0
133,0134589025,6.0
4409,8484372650,6.0
3564,8427285493,6.0
3563,8427285450,6.0
1771,0671042386,6.0
4413,8484640116,6.0
2061,074343434X,6.0
153,0140055711,6.0
3865,8434588838,6.0
3914,8439701098,6.0
4393,8483105772,6.0
3456,8423914968,6.0
4373,8483008378,6.0
3097,8420601101,6.0
4488,8496177017,6.0
4375,8483071053,6.0
4376,8483100037,6.0
510,0345386744,6.0
4378,848310010X,6.0
3096,8420540366,6.0
512,0345394801,6.0
169,0140298479,6.0
168,014029628X,6.0
167,0140263691,6.0
4385,8483100657,6.0
163,0140186409,6.0
3918,8440218079,6.0
1153,0441003745,6.0
2471,0886779200,6.0
161,0140126716,6.0
2469,0886778468,6.0
1945,0679463321,6.0
3885,8435034429,6.0
3915,843970206X,6.0
3910,8439591705,6.0
2146,0785808906,6.0
2443,0880389125,6.0
2415,0875421261,6.0
1159,0441011632,6.0
1804,0671549170,6.0
2410,0875420486,6.0
4441,8486639352,6.0
1995,0688008194,6.0
800,0375502327,6.0
2404,0874311810,6.0
790,0374508968,6.0
3450,8423633918,6.0
4450,8487579078,6.0
3861,8433970194,6.0
2099,0752525670,6.0
4464,8492315202,6.0
4452,8487746195,6.0
4454,8488242964,6.0
94,0061052647,6.0
1811,0671574000,6.0
2394,0862648912,6.0
3452,8423660923,6.0
4458,8488791461,6.0
3082,8420431249,6.0
2185,078692926X,6.0
4463,8489801362,6.0
4467,8495002930,6.0
69,0060931892,6.0
2442,0880389117,6.0
3040,8402085776,6.0
2441,0880389109,6.0
3029,8401570018,6.0
126,0071355766,6.0
2437,0880387548,6.0
2436,088038722X,6.0
4420,848522471X,6.0
3032,8401812542,6.0
4422,8485337344,6.0
907,038533656X,6.0
884,0385177259,6.0
527,0345425782,6.0
1156,0441006604,6.0
4427,8485725166,6.0
561,0373030207,6.0
3038,840206325X,6.0
902,038533446X,6.0
3439,8423309142,6.0
3088,8420478407,6.0
1896,0671793411,6.0
2420,087596964X,6.0
900,0385327331,6.0
781,0373708300,6.0
4436,8486433525,6.0
4489,8496177033,6.0
4372,8483006022,6.0
4369,8483004194,6.0
738,0373224133,6.0
4291,8478801774,6.0
3619,8431504129,6.0
3512,8427027702,6.0
942,0394825225,6.0
2992,8401372178,6.0
4296,8478807179,6.0
497,0345370740,6.0
3880,843500533X,6.0
737,0373223935,6.0
500,0345374746,6.0
3612,8430586490,6.0
227,019585339,6.0
3621,8431506148,6.0
224,0194226824,6.0
4500,9505111096,6.0
2996,8401378117,6.0
1829,0671673653,6.0
222,0194216624,6.0
221,0194216454,6.0
220,0192827618,6.0
1210,0449000184,6.0
1688,0618260269,6.0
218,0192815652,6.0
3935,844065944X,6.0
3106,8420616249,6.0
1215,0449005895,6.0
3580,8429720316,6.0
3506,8427019696,6.0
2082,0743464095,6.0
3500,8427010990,6.0
3073,840804978X,6.0
856,0380808072,6.0
858,0380810484,6.0
3504,8427015100,6.0
863,0380818078,6.0
3872,8434588951,6.0
3634,8432045799,6.0
3633,8432045667,6.0
2334,0821762982,6.0
4277,8478098186,6.0
1901,067179793X,6.0
2227,0805012478,6.0
3067,8408028480,6.0
3874,8434811677,6.0
4281,8478760067,6.0
725,0373168411,6.0
868,0380820803,6.0
2985,8401325218,6.0
550,0345470540,6.0
2579,1550225030,6.0
1670,0590602764,6.0
3483,8425336880,6.0
501,0345375580,6.0
502,0345375599,6.0
749,0373225156,6.0
2093,0743480562,6.0
505,0345378482,6.0
873,0380897393,6.0
4318,847910144X,6.0
750,0373225164,6.0
3598,8429743669,6.0
3597,8429743308,6.0
3013,8401480019,6.0
753,0373243553,6.0
3593,842974164X,6.0
4347,8481301981,6.0
4364,8483000970,6.0
4349,8481314277,6.0
3471,8425306647,6.0
3589,8429735593,6.0
3008,8401461812,6.0
3586,8429733094,6.0
184,0140447040,6.0
183,0140442081,6.0
4363,8483000962,6.0
179,0140432264,6.0
3075,8420423033,6.0
1893,0671778684,6.0
3003,8401422582,6.0
45,0060239603,6.0
4327,8479532777,6.0
4319,8479272929,6.0
3001,8401421640,6.0
2115,0761537295,6.0
2114,0761535497,6.0
2538,0916211592,6.0
4324,8479531584,6.0
2536,091621155X,6.0
4325,8479532076,6.0
2113,0761530878,6.0
4328,8479535008,6.0
195,0141301147,6.0
4329,8479544759,6.0
4330,8479545453,6.0
4331,8479545909,6.0
1899,0671795554,6.0
4367,848300349X,6.0
4366,8483001632,6.0
3103,8420611131,6.0
197,0141311274,6.0
4335,8480161752,6.0
3584,8429730435,6.0
585,0373031335,5.5
506,0345380371,5.5
556,037302956X,5.0
3798,8433912364,5.0
1996,068804784X,5.0
3800,8433912577,5.0
558,0373030169,5.0
3799,8433912542,5.0
3834,8433920405,5.0
3863,843456890X,5.0
3850,8433923285,5.0
3822,8433920200,5.0
3823,8433920219,5.0
3824,8433920251,5.0
3825,843392026X,5.0
3826,8433920294,5.0
563,037303024X,5.0
3847,8433923102,5.0
3846,8433923099,5.0
3845,8433923005,5.0
3844,843392091X,5.0
3842,8433920723,5.0
3841,8433920693,5.0
3840,843392060X,5.0
3839,8433920588,5.0
3827,8433920308,5.0
3838,843392057X,5.0
3837,843392043X,5.0
3828,8433920332,5.0
3836,8433920421,5.0
3829,8433920340,5.0
3830,8433920367,5.0
3831,8433920375,5.0
3832,8433920383,5.0
3849,8433923129,5.0
3851,8433923293,5.0
569,0373030533,5.0
3852,8433923307,5.0
568,0373030436,5.0
3860,8433969528,5.0
3857,843392365X,5.0
3803,843391278X,5.0
3805,8433914349,5.0
3856,8433923560,5.0
3806,8433914421,5.0
3807,843391443X,5.0
3808,8433914510,5.0
3810,8433914588,5.0
3811,8433920049,5.0
3813,8433920065,5.0
3814,8433920073,5.0
3815,8433920081,5.0
3816,843392009X,5.0
3817,8433920103,5.0
3835,8433920413,5.0
3818,8433920111,5.0
3819,843392012X,5.0
3820,8433920162,5.0
3854,8433923455,5.0
3821,8433920170,5.0
562,0373030223,5.0
3833,8433920391,5.0
2324,0821219227,5.0
570,0373030800,5.0
740,0373224168,5.0
742,0373224575,5.0
743,0373224583,5.0
744,0373224591,5.0
745,0373224605,5.0
746,0373224826,5.0
1961,0679801006,5.0
1960,0679800913,5.0
754,0373252021,5.0
759,037329056X,5.0
760,0373290594,5.0
761,0373290632,5.0
762,0373290659,5.0
3583,8429726977,5.0
763,0373290810,5.0
3581,8429720618,5.0
764,0373290837,5.0
765,0373290888,5.0
766,0373290896,5.0
767,037329090X,5.0
768,0373290918,5.0
769,0373290926,5.0
741,0373224532,5.0
739,0373224141,5.0
770,0373291191,5.0
3613,8430603069,5.0
3640,8432047082,5.0
3639,8432047015,5.0
3638,8432046892,5.0
3637,8432046825,5.0
3636,8432046620,5.0
3635,8432046361,5.0
3632,8432043990,5.0
1964,0679813489,5.0
3630,8432043559,5.0
3629,8432042374,5.0
726,0373170068,5.0
1963,0679804196,5.0
3625,8432026158,5.0
728,0373171609,5.0
730,037317215X,5.0
731,0373172486,5.0
732,0373190077,5.0
733,0373192754,5.0
3617,8431502142,5.0
734,0373218192,5.0
1962,0679802169,5.0
3573,8428812284,5.0
771,0373291213,5.0
722,0373166346,5.0
793,0375401601,5.0
1952,0679734775,5.0
1948,0679725407,5.0
811,0380405768,5.0
815,0380701626,5.0
816,0380702754,5.0
2188,0786931310,5.0
818,0380706105,5.0
821,0380711028,5.0
822,0380711532,5.0
823,0380720191,5.0
1944,0679454489,5.0
1943,0679454470,5.0
1941,0679451536,5.0
832,0380758741,5.0
1937,0679446230,5.0
840,0380780488,5.0
3510,8427026064,5.0
841,0380781220,5.0
1934,0679441018,5.0
1933,0679436960,5.0
1932,0679433023,5.0
797,037541178X,5.0
792,0375401598,5.0
772,0373291221,5.0
787,0373834381,5.0
775,0373484011,5.0
776,0373600771,5.0
3566,8427307101,5.0
777,0373650418,5.0
3561,8427207484,5.0
3560,8427207441,5.0
3559,8427207409,5.0
3558,8427207336,5.0
3557,8427207263,5.0
3556,8427207212,5.0
3555,8427207204,5.0
3554,8427207182,5.0
3553,842720714X,5.0
3552,8427207026,5.0
778,0373702485,5.0
779,0373703708,5.0
782,0373711328,5.0
783,0373760272,5.0
784,0373822103,5.0
785,0373825013,5.0
786,037383263X,5.0
723,0373166788,5.0
3643,8432053236,5.0
573,0373030967,5.0
612,0373059264,5.0
614,0373074131,5.0
2158,0786841486,5.0
616,0373088507,5.0
617,037308921X,5.0
618,0373096542,5.0
619,037309678X,5.0
620,0373097069,5.0
621,0373099053,5.0
623,0373103557,5.0
625,0373104766,5.0
626,0373104790,5.0
627,0373104847,5.0
628,037310524X,5.0
629,0373105568,5.0
1984,0684835975,5.0
631,0373106343,5.0
632,037310653X,5.0
633,0373106556,5.0
634,0373106904,5.0
638,0373108540,5.0
641,037310944X,5.0
613,0373073909,5.0
611,037305811X,5.0
1976,0684162679,5.0
610,0373050011,5.0
575,0373031041,5.0
576,0373031068,5.0
578,0373031122,5.0
581,0373031270,5.0
582,0373031289,5.0
583,0373031300,5.0
3775,8433905538,5.0
587,0373031467,5.0
588,0373031475,5.0
1993,0684866048,5.0
590,0373031572,5.0
591,0373031750,5.0
3765,8433000225,5.0
595,0373032471,5.0
599,0373033338,5.0
601,0373033362,5.0
602,0373033389,5.0
2156,0786830530,5.0
607,0373033702,5.0
2157,0786840188,5.0
609,0373034423,5.0
642,0373109539,5.0
644,0373110138,5.0
721,0373166338,5.0
1972,067989070X,5.0
1971,0679873546,5.0
687,0373118090,5.0
689,0373118236,5.0
1970,067987352X,5.0
692,0373118678,5.0
693,0373118716,5.0
694,0373118783,5.0
1969,0679864415,5.0
697,0373119704,5.0
1968,0679843655,5.0
3659,8432211427,5.0
2173,0786916478,5.0
1967,0679843450,5.0
706,0373122721,5.0
1966,0679827013,5.0
1965,0679824251,5.0
718,0373162200,5.0
719,0373164203,5.0
720,0373166052,5.0
3646,843205593X,5.0
3645,8432055875,5.0
684,0373117965,5.0
680,0373117485,5.0
554,0373028377,5.0
679,0373117477,5.0
650,0373112580,5.0
651,0373112904,5.0
653,0373112963,5.0
1974,0679975705,5.0
656,0373113641,5.0
657,0373113846,5.0
658,0373113927,5.0
660,0373114036,5.0
661,0373114257,5.0
662,0373114265,5.0
663,0373114273,5.0
664,0373114281,5.0
665,0373114303,5.0
666,0373114508,5.0
667,0373114516,5.0
670,0373115083,5.0
1973,0679923519,5.0
672,0373116136,5.0
673,0373116179,5.0
676,0373117078,5.0
677,0373117213,5.0
648,0373111967,5.0
4000,8460763331,5.0
553,0373026420,5.0
236,030700113X,5.0
4284,8478760180,5.0
4283,8478760148,5.0
4282,8478760105,5.0
4280,8478444424,5.0
4279,8478280642,5.0
237,0307001148,5.0
238,0307001210,5.0
239,0307001229,5.0
240,0307001393,5.0
241,0307001431,5.0
242,0307004511,5.0
243,0307004562,5.0
244,0307006468,5.0
245,030701021X,5.0
246,030701035X,5.0
248,0307010376,5.0
249,0307010619,5.0
251,0307020002,5.0
252,030702007X,5.0
253,0307020223,5.0
254,030702024X,5.0
255,0307020711,5.0
256,0307021106,5.0
4285,8478760539,5.0
4287,8478760733,5.0
306,0307123200,5.0
4288,8478760741,5.0
191,0140552820,5.0
192,0140586156,5.0
2041,0743206061,5.0
194,0141001615,5.0
2040,0743206029,5.0
209,0152013059,5.0
4315,8479010851,5.0
215,0156118505,5.0
4312,8478888667,5.0
219,019282757X,5.0
223,0194216667,5.0
4302,8478809058,5.0
4301,847880904X,5.0
231,0307000699,5.0
4299,8478808353,5.0
232,0307000826,5.0
233,0307001008,5.0
234,0307001040,5.0
4294,8478802592,5.0
235,0307001059,5.0
4292,8478801936,5.0
4290,8478760814,5.0
4289,847876075X,5.0
257,0307021459,5.0
258,0307021491,5.0
259,0307021688,5.0
260,0307021696,5.0
283,0307117235,5.0
284,0307117308,5.0
285,0307117316,5.0
286,0307117324,5.0
287,0307117960,5.0
288,0307118266,5.0
289,0307118355,5.0
4209,8475962564,5.0
290,0307118398,5.0
291,0307118452,5.0
292,030711869X,5.0
293,030711886X,5.0
294,0307119122,5.0
295,0307119351,5.0
296,0307119386,5.0
297,0307119394,5.0
298,0307119408,5.0
299,0307119416,5.0
300,0307119424,5.0
301,0307119432,5.0
302,0307119475,5.0
303,0307119726,5.0
304,0307119750,5.0
282,0307117154,5.0
281,0307117103,5.0
4224,8476146957,5.0
271,0307100146,5.0
261,0307030253,5.0
262,0307030717,5.0
263,0307060802,5.0
264,0307060993,5.0
265,0307061140,5.0
266,0307070034,5.0
267,0307070050,5.0
268,0307070530,5.0
269,0307070603,5.0
270,0307098222,5.0
4240,8477023239,5.0
280,0307116646,5.0
4239,847702197X,5.0
4238,8477020736,5.0
272,0307100561,5.0
273,0307101649,5.0
4235,8476560702,5.0
274,030710169X,5.0
276,0307105547,5.0
277,0307115321,5.0
278,0307115399,5.0
279,0307115410,5.0
190,0140546235,5.0
189,0140542426,5.0
4343,8481093726,5.0
111,0064401707,5.0
49,0060265604,5.0
50,0060268506,5.0
51,0060269456,5.0
52,0060269855,5.0
54,0060392665,5.0
2065,0743437640,5.0
2063,0743435842,5.0
4477,8495787555,5.0
64,0060910879,5.0
4474,8495501074,5.0
4470,8495354764,5.0
4469,8495303078,5.0
4466,8493264555,5.0
72,0061002615,5.0
77,0061012882,5.0
4460,8489644713,5.0
78,0061013420,5.0
82,006102063X,5.0
97,0061056871,5.0
4449,8487535798,5.0
98,0061057460,5.0
4447,8487254853,5.0
104,0061093491,5.0
48,0060250615,5.0
46,0060243090,5.0
4493,8497340256,5.0
21,0030384427,5.0
9,0020715609,5.0
4521,9688232475,5.0
10,002086910X,5.0
11,0020869509,5.0
12,0020869606,5.0
13,0026890712,5.0
15,0028603923,5.0
16,0028624491,5.0
2080,0743457781,5.0
20,002898238X,5.0
23,0030899788,5.0
4494,8497591607,5.0
24,0030899915,5.0
2092,0743480554,5.0
35,0060139145,5.0
39,006020186X,5.0
40,0060205989,5.0
41,006021273X,5.0
4499,9501511030,5.0
42,0060213264,5.0
43,0060213531,5.0
44,0060228881,5.0
109,006273248X,5.0
112,0064403572,5.0
4344,8481093858,5.0
4437,8486433673,5.0
4392,8483105438,5.0
4390,8483102544,5.0
4389,8483102404,5.0
171,0140361219,5.0
172,0140361227,5.0
173,0140361235,5.0
174,0140361243,5.0
4374,8483070588,5.0
4371,8483004305,5.0
4368,8483004089,5.0
2042,0743211375,5.0
176,0140372628,5.0
177,0140382658,5.0
178,014038426X,5.0
2110,0760703604,5.0
4354,8482410482,5.0
185,0140502076,5.0
4352,8482380184,5.0
186,0140502408,5.0
187,0140502610,5.0
188,0140507280,5.0
4346,8481300632,5.0
4345,8481094099,5.0
160,0140124454,5.0
159,0140093850,5.0
2046,0743222008,5.0
121,0070064520,5.0
113,0064430871,5.0
4434,8486433274,5.0
114,0064440028,5.0
115,0064440214,5.0
4431,8486344913,5.0
4430,8486344166,5.0
116,006444046X,5.0
117,0064441075,5.0
118,0064450201,5.0
119,0064471969,5.0
122,0070110689,5.0
2047,074323359X,5.0
4421,8485224752,5.0
2048,0743235150,5.0
124,0070241961,5.0
4416,8484701441,5.0
127,0071381392,5.0
128,0073972010,5.0
4412,8484602729,5.0
131,0133547957,5.0
135,0137551576,5.0
4404,8483109212,5.0
305,0307119793,5.0
307,0307123480,5.0
552,0373024460,5.0
4006,8466606513,5.0
4004,8466602690,5.0
452,0345283570,5.0
3497,8426449476,5.0
3999,8460736083,5.0
455,0345297709,5.0
3995,8450043670,5.0
3994,8450029589,5.0
456,034530456X,5.0
2009,0689811691,5.0
458,0345308980,5.0
3989,8449424070,5.0
461,0345313860,5.0
462,0345314255,5.0
2008,0689803664,5.0
2007,0689718705,5.0
466,0345316770,5.0
467,0345320239,5.0
470,034532532X,5.0
2136,0771592507,5.0
2006,068971159X,5.0
475,0345330455,5.0
2005,0689304412,5.0
478,0345338588,5.0
4005,8466605029,5.0
4007,8466606564,5.0
308,0307125556,5.0
4009,8466609016,5.0
423,0316107387,5.0
427,0316139750,5.0
428,0316177571,5.0
430,0316358983,5.0
4030,8470024744,5.0
4029,8470023233,5.0
4028,847002082X,5.0
4027,8470020811,5.0
4026,847002079X,5.0
4025,8470020781,5.0
4023,8470020757,5.0
2019,0696003449,5.0
4021,8470020730,5.0
4020,8470020714,5.0
4019,8470020692,5.0
4018,8470020684,5.0
4017,8467206772,5.0
2015,0689830971,5.0
2014,0689826621,5.0
4013,8467200227,5.0
4012,8467001127,5.0
4011,8466611622,5.0
4010,8466611215,5.0
479,0345339703,5.0
480,0345339967,5.0
481,0345340426,5.0
2139,0782903363,5.0
3922,8440619774,5.0
3920,8440465114,5.0
2144,0785321624,5.0
520,0345418190,5.0
2001,0688155928,5.0
529,0345427653,5.0
530,0345428889,5.0
3899,8437611717,5.0
3898,8437611164,5.0
3897,8437610761,5.0
3896,8437610680,5.0
531,0345431693,5.0
532,0345434110,5.0
3893,8437501709,5.0
3892,8436219120,5.0
3891,8435065022,5.0
3889,8435060276,5.0
3888,8435060233,5.0
3887,843506011X,5.0
3886,8435039943,5.0
3883,8435033783,5.0
533,0345434250,5.0
3876,843483801X,5.0
3924,8440629052,5.0
3925,8440633408,5.0
2143,0785315926,5.0
3947,8440688385,5.0
486,0345351959,5.0
3957,8441400733,5.0
2004,0688418481,5.0
3955,8440696663,5.0
2141,0783548303,5.0
3953,8440694539,5.0
3952,8440694407,5.0
3951,8440694334,5.0
3950,8440693478,5.0
491,0345356365,5.0
492,0345362861,5.0
3927,8440639996,5.0
3945,8440682441,5.0
3944,8440681798,5.0
3942,8440676980,5.0
494,0345368355,5.0
3940,844067581X,5.0
496,0345368959,5.0
499,0345373685,5.0
504,0345376951,5.0
508,034538475X,5.0
3928,8440641958,5.0
418,0312983751,5.0
417,0312983743,5.0
415,0312983220,5.0
4117,8474618657,5.0
4141,8474861063,5.0
4140,8474861020,5.0
4139,8474861012,5.0
4138,8474861004,5.0
326,0307131734,5.0
327,0307132005,5.0
328,0307141675,5.0
329,030717784X,5.0
330,0307233014,5.0
331,0307233022,5.0
332,0307262049,5.0
333,0307301206,5.0
334,0307301222,5.0
4128,8474618762,5.0
4127,8474618754,5.0
4126,8474618746,5.0
4125,8474618738,5.0
4124,847461872X,5.0
4123,8474618711,5.0
4122,8474618703,5.0
4121,847461869X,5.0
4120,8474618681,5.0
4119,8474618673,5.0
4142,847486108X,5.0
4143,8474861098,5.0
325,030713069X,5.0
4164,8475303161,5.0
309,0307125564,5.0
310,0307126285,5.0
311,030712634X,5.0
4178,8475304281,5.0
4177,8475304273,5.0
4176,8475304265,5.0
312,0307126358,5.0
313,0307126366,5.0
314,0307126374,5.0
315,0307126455,5.0
316,0307126900,5.0
4145,8474861152,5.0
317,030712763X,5.0
318,0307127664,5.0
319,0307128202,5.0
320,0307128431,5.0
321,0307129330,5.0
322,0307129640,5.0
323,030712973X,5.0
324,0307130673,5.0
4147,8474861306,5.0
4146,8474861284,5.0
4118,8474618665,5.0
4116,8474618649,5.0
414,0312983212,5.0
4115,8474618630,5.0
352,0307681610,5.0
353,0307711455,5.0
354,0307740269,5.0
355,0307748103,5.0
356,0307987655,5.0
357,0307987868,5.0
4071,8472570118,5.0
358,0307987981,5.0
359,0307988082,5.0
360,0307988759,5.0
361,0310902622,5.0
4065,8472239179,5.0
362,0312021798,5.0
2026,0721407579,5.0
370,0312206364,5.0
376,0312266804,5.0
2121,0765343533,5.0
393,0312873344,5.0
2122,0765346435,5.0
2025,0717245020,5.0
401,0312952716,5.0
403,0312960344,5.0
410,0312973055,5.0
4082,8474324122,5.0
351,0307681300,5.0
4085,8474444128,5.0
337,0307301907,5.0
4114,8474618622,5.0
4113,8474618614,5.0
4112,8474618606,5.0
4111,8474618592,5.0
4110,8474618584,5.0
4109,8474618576,5.0
4108,8474618568,5.0
4105,8474618525,5.0
335,0307301346,5.0
336,0307301443,5.0
338,0307302008,5.0
350,0307681297,5.0
340,0307302067,5.0
341,0307302113,5.0
342,0307302164,5.0
343,0307302644,5.0
344,0307302822,5.0
345,0307302970,5.0
346,030759873X,5.0
347,0307623467,5.0
348,0307625532,5.0
349,0307681017,5.0
3498,8427002564,5.0
910,0385474458,5.0
851,0380798484,5.0
1604,0590415883,5.0
1592,0590338285,5.0
1594,0590374575,5.0
2707,1579730159,5.0
1595,0590379305,5.0
1596,0590390538,5.0
1597,0590402757,5.0
1598,0590403605,5.0
1599,0590405756,5.0
1601,0590407600,5.0
2698,1572971835,5.0
1602,0590409409,5.0
1603,0590414488,5.0
1605,0590420577,5.0
1590,0590331450,5.0
1606,0590426966,5.0
2692,1570826935,5.0
2691,1570826927,5.0
2690,1570647208,5.0
2689,157064280X,5.0
1607,0590428497,5.0
1608,0590430505,5.0
1609,0590430955,5.0
1610,0590433059,5.0
2684,1570424373,5.0
2683,1569875227,5.0
2682,1569713367,5.0
1591,0590332872,5.0
1589,0590328832,5.0
1612,0590438271,5.0
1577,0590187325,5.0
2289,0816713383,5.0
2742,1888567597,5.0
2290,0816714517,5.0
1569,0590026356,5.0
1570,0590037145,5.0
1571,0590042025,5.0
1572,0590054007,5.0
1573,0590092421,5.0
1574,0590100726,5.0
1575,0590101447,5.0
2732,1878257528,5.0
1576,0590118773,5.0
1578,0590221965,5.0
1588,0590321978,5.0
1579,0590226312,5.0
2727,1859957803,5.0
1580,0590254677,5.0
1581,0590257218,5.0
2724,1855940027,5.0
1582,0590262637,5.0
1583,0590273817,5.0
1584,0590281542,5.0
1585,0590300717,5.0
1586,0590308440,5.0
1587,0590315048,5.0
2716,1853260258,5.0
1611,0590434403,5.0
1613,0590439103,5.0
1238,0451131312,5.0
2626,1558744606,5.0
2643,1561152676,5.0
1633,059045367X,5.0
1634,059045403X,5.0
1635,059045532X,5.0
1636,0590455419,5.0
1637,0590457438,5.0
1638,0590457829,5.0
2632,1559581883,5.0
1639,0590458019,5.0
2630,1558821120,5.0
2629,155874875X,5.0
2628,1558747966,5.0
2625,1558744150,5.0
2645,1561569569,5.0
2624,155874262X,5.0
2623,1557236186,5.0
2622,1557236135,5.0
2621,1557230196,5.0
2620,1557094985,5.0
1640,0590458868,5.0
1641,0590464140,5.0
1642,0590464388,5.0
1643,0590465392,5.0
2615,1555323111,5.0
1644,0590465961,5.0
1645,0590474839,5.0
2644,1561445797,5.0
2646,1561792233,5.0
1614,0590439685,5.0
1623,0590444964,5.0
1615,0590441868,5.0
2676,1567187196,5.0
1616,0590442929,5.0
1617,0590442945,5.0
2673,1567184308,5.0
1618,059044297X,5.0
1619,059044302X,5.0
1620,0590443607,5.0
2667,1566196264,5.0
1621,059044364X,5.0
1622,0590443658,5.0
2664,1565657063,5.0
1624,0590445065,5.0
2647,1562472313,5.0
2660,1565041755,5.0
1625,0590446479,5.0
2658,1565040546,5.0
1626,0590446894,5.0
1627,0590447629,5.0
1628,0590448730,5.0
1629,0590448749,5.0
1630,059044932X,5.0
1631,0590450638,5.0
1632,0590452037,5.0
2649,156326160X,5.0
2648,1562939327,5.0
1562,0553802461,5.0
2288,0816712220,5.0
1559,0553586122,5.0
2863,2277301019,5.0
1872,0671740857,5.0
2261,0812515285,5.0
1330,0451623339,5.0
1866,0671737708,5.0
1338,0452266556,5.0
1860,0671737104,5.0
1343,0452278902,5.0
1344,0452279178,5.0
1351,0486228312,5.0
2266,0812550757,5.0
1355,0505523078,5.0
1360,0515085936,5.0
1368,0515109908,5.0
2258,0812511999,5.0
1370,0515113522,5.0
1373,0515120014,5.0
1377,0515128635,5.0
1383,051513225X,5.0
1384,0515132632,5.0
1386,0515133418,5.0
1398,0517146487,5.0
1401,051738809X,5.0
1404,0517543699,5.0
1405,0517548747,5.0
1406,0517576457,5.0
1409,0517593335,5.0
1325,0451524411,5.0
1311,0451405986,5.0
2287,0816712166,5.0
2248,0811810577,5.0
1241,0451141490,5.0
1242,0451147375,5.0
2243,0807514551,5.0
2939,8401013305,5.0
1244,0451151224,5.0
2244,0807524638,5.0
2933,39483965X,5.0
2245,0810494582,5.0
1887,067175081X,5.0
1260,0451163494,5.0
2923,2922469131,5.0
1272,0451170385,5.0
2250,0812035666,5.0
2257,0812511778,5.0
1279,0451183665,5.0
1282,0451184963,5.0
1284,0451187644,5.0
2251,0812056361,5.0
1293,0451198670,5.0
1296,0451203895,5.0
1300,0451205626,5.0
1302,0451206878,5.0
1303,0451208072,5.0
1305,0451208188,5.0
1306,0451209443,5.0
1307,0451401239,5.0
1410,0517667746,5.0
1411,051767582X,5.0
1412,0517694204,5.0
1511,0553452991,5.0
1483,0553268082,5.0
1487,0553272772,5.0
1490,0553274074,5.0
1491,055327807X,5.0
1492,0553278398,5.0
1496,0553287664,5.0
1501,0553296981,5.0
2279,0816701717,5.0
2280,0816702950,5.0
2281,0816703035,5.0
1509,0553375814,5.0
1510,0553440055,5.0
1512,0553472321,5.0
1413,0517887940,5.0
1513,0553492152,5.0
2283,0816706522,5.0
2284,0816709114,5.0
1521,0553568728,5.0
1524,0553569422,5.0
1525,055356983X,5.0
1526,0553569910,5.0
1528,0553571745,5.0
1532,0553572326,5.0
2285,0816709939,5.0
1553,0553583360,5.0
2286,081671102X,5.0
2276,0812581733,5.0
1853,0671735691,5.0
1464,0553233246,5.0
1463,0553232959,5.0
1415,0523418264,5.0
1416,052537373X,5.0
1417,0525441603,5.0
1418,0525452141,5.0
1419,0525460543,5.0
1421,0525672907,5.0
1423,0525934197,5.0
1424,0525941908,5.0
1427,0525946829,5.0
1428,053101455X,5.0
1429,0531055744,5.0
1435,0553055739,5.0
1436,055305581X,5.0
1437,0553072412,5.0
1438,0553081144,5.0
1441,0553090437,5.0
1447,0553139940,5.0
1448,0553143573,5.0
1449,0553143581,5.0
1451,0553150642,5.0
1452,0553155962,5.0
1453,0553157922,5.0
1460,0553213423,5.0
1461,0553216287,5.0
1462,0553220241,5.0
1646,0590475967,5.0
1647,0590476149,5.0
1648,0590477331,5.0
2319,0817210571,5.0
2428,0880116668,5.0
1788,0671459368,5.0
2426,0879513756,5.0
1790,0671468200,5.0
2424,0877478139,5.0
2423,0877453462,5.0
2317,0816745528,5.0
2421,0876282389,5.0
2419,0875961517,5.0
2318,0816749256,5.0
1793,0671517635,5.0
1794,0671519026,5.0
1796,0671525425,5.0
1786,0671439634,5.0
1800,0671532413,5.0
2409,0874843383,5.0
2408,0874490286,5.0
2407,0874340241,5.0
2406,0874312094,5.0
1805,0671551310,5.0
2403,0872169324,5.0
2402,0871916622,5.0
2401,0871913984,5.0
2400,0871913909,5.0
1808,067155851X,5.0
1809,0671568175,5.0
1787,0671443283,5.0
1785,0671436600,5.0
2303,0816734704,5.0
2454,0884700135,5.0
2305,0816735727,5.0
2306,0816737185,5.0
2307,0816737215,5.0
1751,0671021192,5.0
2468,0886778085,5.0
2467,0886777976,5.0
1752,0671023004,5.0
2308,0816738599,5.0
2309,0816738637,5.0
2458,0886469929,5.0
1764,0671034413,5.0
2310,0816741352,5.0
2453,0883341093,5.0
1783,0671421611,5.0
2452,0882669532,5.0
2311,0816741824,5.0
2450,088184425X,5.0
2312,0816742065,5.0
2313,0816742146,5.0
2446,0881661775,5.0
2445,0881064882,5.0
2314,0816742499,5.0
2315,0816743452,5.0
2316,0816745404,5.0
1782,0671415085,5.0
2433,0880384549,5.0
2397,0865300569,5.0
2396,0865300399,5.0
2393,0849981212,5.0
2341,0831703946,5.0
2358,0840763190,5.0
2357,0837850681,5.0
1824,0671664549,5.0
1827,0671670689,5.0
1828,0671673513,5.0
2352,0836220498,5.0
2321,0819309621,5.0
2322,0819311898,5.0
2345,0834300524,5.0
1833,0671692550,5.0
1837,0671695126,5.0
2342,083172434X,5.0
2340,0824982657,5.0
1817,0671632388,5.0
2339,0823412458,5.0
2338,0822501279,5.0
2337,0821770403,5.0
2336,0821770209,5.0
2333,0821757458,5.0
2332,0821748688,5.0
2331,0821747967,5.0
1835,0671692844,5.0
2329,0821736752,5.0
2328,0821735926,5.0
2327,0821721135,5.0
2326,0821718436,5.0
2359,0842329129,5.0
2361,0842329242,5.0
2362,0842329250,5.0
2363,0842329269,5.0
2391,0849938767,5.0
1818,0671640453,5.0
2320,0819307831,5.0
1821,067165375X,5.0
2385,0843942657,5.0
2384,0843940425,5.0
2383,0843939001,5.0
2382,0843921110,5.0
2381,0843622237,5.0
2380,0843605715,5.0
2379,0843141506,5.0
2378,0843141174,5.0
2377,0843138122,5.0
2376,0843138076,5.0
2375,084313805X,5.0
2374,0843137401,5.0
2373,0843132671,5.0
2372,0843127600,5.0
1823,0671663585,5.0
2370,084311438X,5.0
2369,0843111976,5.0
2368,084310676X,5.0
2367,0843105887,5.0
2366,0843103914,5.0
2365,0843103116,5.0
2304,0816735638,5.0
2478,0891451641,5.0
1649,0590477404,5.0
2560,0945260245,5.0
1674,0590679872,5.0
1675,0590689916,5.0
1676,0590689924,5.0
1677,0590689959,5.0
1678,0590697676,5.0
1679,0590931040,5.0
1680,0590956248,5.0
2292,0816718741,5.0
2293,0816718784,5.0
2565,0965038084,5.0
2564,0962764302,5.0
2561,0945575998,5.0
2559,0943263107,5.0
1672,0590604031,5.0
2558,0941076008,5.0
1686,0613336526,5.0
2556,0936676523,5.0
2555,093459306X,5.0
2554,0934323062,5.0
2553,0934323003,5.0
2294,0816719683,5.0
2550,0929714032,5.0
2295,0816723621,5.0
1692,0670220264,5.0
2547,0920668372,5.0
1693,0670241334,5.0
1673,0590623869,5.0
1671,0590603221,5.0
2302,0816733872,5.0
1661,0590503170,5.0
1650,0590479172,5.0
1651,0590481371,5.0
1652,0590482483,5.0
1653,0590483404,5.0
1654,0590483501,5.0
1655,0590484125,5.0
1656,0590485148,5.0
1657,0590489410,5.0
1658,0590494457,5.0
1659,0590494473,5.0
1660,059050312X,5.0
2595,1551668912,5.0
1662,0590504932,5.0
1669,0590568795,5.0
2592,1551667959,5.0
2591,155166674X,5.0
1663,0590508342,5.0
2589,1551664941,5.0
2588,1551662817,5.0
2587,1551660431,5.0
1664,0590553232,5.0
2291,0816718458,5.0
2584,1550743074,5.0
1666,059056871X,5.0
1667,0590568744,5.0
1668,0590568787,5.0
2545,0916547043,5.0
2544,0916392147,5.0
2543,0916392066,5.0
2494,0893755397,5.0
1720,0671001868,5.0
2506,0894803034,5.0
1721,0671001906,5.0
2300,081672962X,5.0
1729,0671008536,5.0
2301,0816732744,5.0
2500,0893756563,5.0
2499,0893756539,5.0
2498,0893755826,5.0
2497,0893755818,5.0
2496,0893755672,5.0
2495,0893755443,5.0
2493,0893755346,5.0
1694,0670260770,5.0
2492,0893755192,5.0
2491,0893754811,5.0
2489,0893752886,5.0
2488,0893752746,5.0
2487,0893752193,5.0
2486,0893751057,5.0
2485,0893750832,5.0
2484,0893750778,5.0
2483,0893750603,5.0
2482,0893750522,5.0
2481,0893750395,5.0
2480,0892966432,5.0
2299,0816728615,5.0
2510,0895424525,5.0
1715,0670868361,5.0
2512,0895860198,5.0
2296,0816724199,5.0
1697,0670447161,5.0
1698,0670451932,5.0
1699,0670803596,5.0
1701,0670813648,5.0
1702,067081458X,5.0
1703,0670821551,5.0
1704,0670825921,5.0
1705,067082982X,5.0
2528,0915442639,5.0
2527,0914091883,5.0
2297,0816724717,5.0
2525,0912696788,5.0
2524,0912696540,5.0
2523,0912696249,5.0
2522,0912333006,5.0
2521,0910313334,5.0
2520,0910313202,5.0
2519,0910313016,5.0
2518,0905104862,5.0
2517,0899545491,5.0
2516,0899083242,5.0
1712,0670855030,5.0
1713,0670858692,5.0
2298,081672539X,5.0
1239,0451137965,5.0
3305,8422660067,5.0
1236,0451128028,5.0
1069,0425184226,5.0
975,039494836X,5.0
3315,842266030X,5.0
3314,8422660156,5.0
3313,8422660148,5.0
3312,842266013X,5.0
3311,8422660121,5.0
3310,8422660113,5.0
3309,8422660105,5.0
3308,8422660091,5.0
3307,8422660083,5.0
3306,8422660075,5.0
1931,0679431977,5.0
3304,8422660059,5.0
3303,8422660040,5.0
3302,8422660032,5.0
976,0394992172,5.0
3300,8422659328,5.0
3299,842265931X,5.0
3298,8422659298,5.0
3297,842265928X,5.0
3296,8422659271,5.0
3295,8422659263,5.0
3294,8422659255,5.0
1930,0679429549,5.0
3292,8422659190,5.0
3291,8422659182,5.0
3290,842265914X,5.0
974,0394947819,5.0
973,0394946251,5.0
3320,8422662981,5.0
961,0394885082,5.0
952,039486056X,5.0
953,0394862953,5.0
3347,842267212X,5.0
954,039487045X,5.0
955,0394871804,5.0
3343,8422671360,5.0
956,0394873335,5.0
957,0394873351,5.0
958,039487336X,5.0
3339,8422668670,5.0
959,0394879740,5.0
960,0394881788,5.0
962,0394890566,5.0
972,0394943961,5.0
963,0394891341,5.0
3332,8422663759,5.0
3331,8422663740,5.0
3330,8422663732,5.0
964,0394893301,5.0
965,0394896955,5.0
3327,8422663694,5.0
966,0394900294,5.0
968,0394910761,5.0
969,0394929977,5.0
970,0394942558,5.0
971,0394943198,5.0
980,0395169658,5.0
981,0395264626,5.0
982,0395319366,5.0
3228,8422640333,5.0
1235,0451124685,5.0
1020,0399611703,5.0
3244,8422645157,5.0
3243,8422644851,5.0
1927,067941133X,5.0
3240,8422644657,5.0
1033,0425077063,5.0
1034,0425081818,5.0
3236,8422643855,5.0
1041,042509507X,5.0
3231,8422641127,5.0
1049,0425120279,5.0
1050,0425123448,5.0
1017,039923036X,5.0
1051,0425140040,5.0
3222,8422638908,5.0
3221,8422638894,5.0
1052,0425141209,5.0
3219,8422638878,5.0
1053,0425141756,5.0
1059,0425169693,5.0
2213,0804108242,5.0
1062,0425172546,5.0
1926,0679405283,5.0
1068,0425184102,5.0
3206,842263662X,5.0
1018,0399231587,5.0
1016,0399227741,5.0
3285,8422658097,5.0
1928,0679413685,5.0
3283,8422656647,5.0
3282,8422656639,5.0
983,039541668X,5.0
984,0395430232,5.0
985,0395437822,5.0
986,039552590X,5.0
987,0395588014,5.0
3273,8422653265,5.0
988,0395633133,5.0
990,0397473044,5.0
991,0399128166,5.0
3268,8422651319,5.0
993,039913039X,5.0
1015,0399226125,5.0
994,0399133143,5.0
995,0399135138,5.0
3263,8422648563,5.0
3262,8422648326,5.0
998,0399139141,5.0
999,039913932X,5.0
1001,0399143947,5.0
2210,0804105774,5.0
1005,039914613X,5.0
1007,0399148019,5.0
1011,0399149392,5.0
1012,0399149821,5.0
3350,8422673053,5.0
3351,8422673266,5.0
951,0394856163,5.0
904,0385335490,5.0
892,038531258X,5.0
893,038531292X,5.0
2203,0803714831,5.0
895,0385315236,5.0
896,0385315309,5.0
897,038531695X,5.0
898,0385319568,5.0
3443,8423325911,5.0
3440,8423309754,5.0
903,0385335466,5.0
3436,842269770X,5.0
3435,8422697696,5.0
906,0385336314,5.0
889,0385297394,5.0
3431,842269753X,5.0
909,0385415028,5.0
3429,8422696924,5.0
3428,8422694468,5.0
3427,8422694123,5.0
3426,8422694115,5.0
1836,0671693581,5.0
3424,8422694093,5.0
3423,8422694085,5.0
3422,8422694077,5.0
3421,8422694069,5.0
3420,8422694050,5.0
890,0385299095,5.0
887,0385257481,5.0
3418,8422694026,5.0
3476,8425328624,5.0
2200,080244802X,5.0
861,0380813831,5.0
3488,8426101720,5.0
866,0380819619,5.0
3486,8425508258,5.0
869,0380820846,5.0
3482,8425335191,5.0
2201,0802448046,5.0
3480,8425333857,5.0
3479,8425332931,5.0
3478,8425330653,5.0
871,038087718X,5.0
872,0380879735,5.0
886,0385199570,5.0
3474,8425321824,5.0
874,0380898187,5.0
3470,8425202183,5.0
875,0380898624,5.0
2202,0803705042,5.0
879,0385007515,5.0
3466,8423995852,5.0
880,0385086954,5.0
881,038512158X,5.0
882,0385121679,5.0
883,0385129912,5.0
885,0385182449,5.0
919,0385508042,5.0
3417,8422694018,5.0
950,0394854438,5.0
3367,842267856X,5.0
3381,8422684454,5.0
3380,8422683636,5.0
3379,8422682990,5.0
3378,8422682303,5.0
940,0394805666,5.0
3376,8422681455,5.0
3375,8422681382,5.0
3374,8422681242,5.0
941,0394820371,5.0
3370,8422679116,5.0
3369,8422678616,5.0
3368,8422678578,5.0
3366,8422678551,5.0
938,039480029X,5.0
3365,8422678543,5.0
3364,8422678403,5.0
3363,8422678381,5.0
943,0394826655,5.0
944,0394827074,5.0
945,0394829085,5.0
3359,8422676540,5.0
946,0394829123,5.0
947,039483013X,5.0
948,0394839102,5.0
949,0394853938,5.0
3354,8422675420,5.0
939,039480564X,5.0
3384,8422685116,5.0
3416,842269400X,5.0
3400,8422691493,5.0
3415,8422693992,5.0
3414,8422693976,5.0
3413,842269395X,5.0
2204,0803717237,5.0
3411,8422693933,5.0
3410,8422693925,5.0
3407,8422693887,5.0
3406,8422693879,5.0
3405,8422693860,5.0
3404,8422693852,5.0
3403,8422693844,5.0
2205,0803770863,5.0
3399,8422690292,5.0
3385,8422685191,5.0
3398,8422690004,5.0
3397,8422689987,5.0
3395,8422687208,5.0
923,0393955524,5.0
929,0394550455,5.0
930,0394585615,5.0
3391,8422686120,5.0
932,0394588746,5.0
2206,0803785747,5.0
3388,8422685256,5.0
3387,8422685213,5.0
3386,8422685205,5.0
3205,8422636611,5.0
1019,0399232478,5.0
1075,043904555X,5.0
1137,0440406234,5.0
2990,8401351545,5.0
1213,0449005615,5.0
1905,0671829777,5.0
2993,8401374618,5.0
3081,8420430811,5.0
3080,842042899X,5.0
1162,0441104029,5.0
2994,8401376734,5.0
3076,8420425451,5.0
3072,8408040677,5.0
3071,8408039938,5.0
3070,8408034618,5.0
3069,8408029118,5.0
3068,840802910X,5.0
2995,8401377706,5.0
1209,0448405202,5.0
3066,8408027166,5.0
3065,8408026917,5.0
1208,044840463X,5.0
2987,8401327636,5.0
2986,8401326508,5.0
1160,0441102670,5.0
1146,0440440629,5.0
1138,044040746X,5.0
1139,044040908X,5.0
1223,0449212890,5.0
1140,0440409233,5.0
1193,0446527017,5.0
1142,0440411238,5.0
1143,0440412021,5.0
1145,0440422256,5.0
1148,0440596114,5.0
2984,8401324815,5.0
3095,8420513121,5.0
3090,8420479594,5.0
1906,0671868349,5.0
1218,0449148203,5.0
3087,8420466557,5.0
2982,8401324378,5.0
1217,0449006522,5.0
3085,8420441872,5.0
3064,8408024493,5.0
3063,8408024485,5.0
1207,0448190788,5.0
3035,840202520X,5.0
3044,8403597150,5.0
3017,8401495210,5.0
3018,8401495229,5.0
3019,8401495337,5.0
1196,0446527793,5.0
1184,0446364282,5.0
1185,0446386456,5.0
1187,0446516325,5.0
3021,8401498732,5.0
3046,8403597282,5.0
1188,0446519790,5.0
3022,8401498759,5.0
3023,8401499542,5.0
3031,8401807239,5.0
3024,8401499569,5.0
3025,8401499593,5.0
3026,8401499712,5.0
3027,8401499739,5.0
3045,8403597223,5.0
3047,8403599072,5.0
1206,044819077X,5.0
1175,0446323616,5.0
3006,8401443172,5.0
1202,0446610232,5.0
3060,8408019899,5.0
3010,8401464625,5.0
3057,8408016059,5.0
1174,0446322881,5.0
3011,8401464633,5.0
3012,8401464641,5.0
3054,840801420X,5.0
1181,0446363251,5.0
1177,0446341894,5.0
3052,8408012312,5.0
1076,0439061644,5.0
1200,0446607657,5.0
1178,0446350354,5.0
1199,0446606812,5.0
1179,0446350648,5.0
1198,0446603236,5.0
2979,8401323878,5.0
1141,0440410282,5.0
2978,840132369X,5.0
1107,0440209412,5.0
1101,044020271X,5.0
3170,8422630087,5.0
3168,8422627949,5.0
1920,0671894455,5.0
1104,0440205573,5.0
3164,8422625644,5.0
1106,0440207622,5.0
2967,8401322987,5.0
3159,8422622157,5.0
3174,8422630842,5.0
2223,0805000313,5.0
3154,8422619385,5.0
3152,8422619091,5.0
3110,8420628409,5.0
3151,842261717X,5.0
1228,0449236528,5.0
3150,8422617145,5.0
1117,0440220696,5.0
1100,0440200563,5.0
1099,0440198577,5.0
2970,8401323045,5.0
1091,044011585X,5.0
1080,0439158494,5.0
1081,0439162963,5.0
1082,0439179580,5.0
1083,0439188733,5.0
1234,0451122291,5.0
1084,043922005X,5.0
1086,0439333970,5.0
2218,0804119538,5.0
1233,0451081641,5.0
1098,0440194342,5.0
1092,0440126894,5.0
2959,8401310253,5.0
2963,8401322367,5.0
2964,8401322809,5.0
1229,0449901815,5.0
1093,0440135974,5.0
1094,0440166497,5.0
1095,0440170389,5.0
3147,8422615738,5.0
1190,0446521590,5.0
2971,8401323096,5.0
1120,0440223806,5.0
2976,8401323606,5.0
1123,044022473X,5.0
2225,0805001344,5.0
1126,0440225817,5.0
3121,842078270X,5.0
1127,0440225825,5.0
1128,0440226988,5.0
2226,0805004793,5.0
1130,0440236053,5.0
1131,0440236673,5.0
1132,044023669X,5.0
3114,8420633380,5.0
1134,0440236754,5.0
1224,0449219453,5.0
1135,0440236819,5.0
3130,8422605805,5.0
1124,0440224764,5.0
3143,8422614863,5.0
2975,8401323509,5.0
2972,8401323193,5.0
3140,8422614030,5.0
2240,0807114103,5.0
1227,0449230694,5.0
3146,8422615665,5.0
3144,8422614871,5.0
3133,8422611635,5.0
3142,8422614154,5.0
1915,0671880748,5.0
3135,8422612119,5.0
1116,0440220602,4.5
2444,0880389133,4.0
846,038079263X,4.0
848,038079456X,4.0
2389,0843950854,4.0
102,0061091618,4.0
130,0130807427,4.0
3396,8422687739,4.0
852,0380801701,4.0
1304,0451208153,4.0
66,0060929871,4.0
1257,0451161351,4.0
3590,8429739297,4.0
2003,0688167535,4.0
2364,0842342702,4.0
842,038078145X,4.0
1396,0515134899,4.0
490,0345354915,4.0
3514,8427109245,4.0
1277,0451178599,4.0
38,0060199032,4.0
1883,0671745069,4.0
1216,0449006379,4.0
4483,8496077128,4.0
4446,8487201008,4.0
1735,0671011413,4.0
2256,0812509250,4.0
3346,8422671972,4.0
646,0373111150,4.0
3884,8435034070,4.0
3275,842265377X,4.0
3276,8422653796,4.0
649,0373112297,4.0
1168,0441328008,4.0
1122,0440224675,4.0
652,0373112939,4.0
547,0345461436,4.0
4355,8482561383,4.0
1983,0684835959,4.0
565,0373030339,4.0
674,0373116446,4.0
551,0352333065,4.0
559,0373030185,4.0
2744,189206555X,4.0
1535,055357275X,4.0
1536,0553572776,4.0
3858,8433930733,4.0
1544,0553575171,4.0
2530,0916211045,4.0
1543,0553575104,4.0
1987,0684850400,4.0
3791,8433908812,4.0
4395,8483106035,4.0
2634,1560760540,4.0
1753,067102423X,4.0
3227,8422639874,4.0
1754,0671024248,4.0
592,0373031920,4.0
2108,0758203179,4.0
566,037303041X,4.0
3809,8433914553,4.0
3812,8433920057,4.0
635,0373108273,4.0
1066,0425181685,4.0
3185,8422632314,4.0
513,0345397819,3.5
213,0155017500,3.0
2750,1902852427,3.0
899,0385319673,3.0
2154,0786705868,3.0
2668,1567181724,3.0
2360,0842329218,3.0
2563,0962325023,3.0
1248,0451156609,3.0
1275,0451175751,3.0
1294,0451199650,3.0
1939,0679449434,3.0
807,038000013X,3.0
1831,067168972X,3.0
487,0345352459,3.0
3271,8422652900,3.0
521,0345418689,3.0
1546,0553576380,3.0
544,0345452550,3.0
2390,0849938635,3.0
204,0151005672,3.0
1381,0515131520,3.0
1537,0553572938,3.0
524,0345422392,3.0
1331,0451821114,3.0
1843,0671721569,3.0
2476,0890098123,3.0
398,0312921411,3.0
1443,0553099744,3.0
528,0345426541,3.0
1731,0671009249,3.0
1348,0452281636,3.0
1455,055321232X,3.0
2597,1551669498,2.5
1958,067976402X,2.5
25,0060009241,2.0
2071,0743444264,2.0
1246,0451154967,2.0
1231,044990542X,2.0
1444,0553107046,2.0
154,014005829X,2.0
2081,0743460529,2.0
511,0345391802,2.0
2701,1573228397,2.0
826,0380752859,2.0
484,0345349342,2.0
1314,0451408888,2.0
1777,0671042858,2.0
1324,0451524292,2.0
2278,0812971043,2.0
1337,0452264316,2.0
522,0345419626,2.0
850,0380796104,2.0
688,0373118120,2.0
1204,0446671002,2.0
2508,0895267136,2.0
1369,0515112305,2.0
1289,0451194063,2.0
1507,055334949X,1.0
2335,0821769367,1.0
1163,0441142273,1.0
4084,8474444063,1.0
864,0380818647,1.0
1558,0553585118,1.0
1054,0425148297,1.0
4401,848310766X,1.0
2734,1879194252,1.0
1186,0446515078,1.0
3224,8422638940,1.0
3408,8422693895,1.0
3184,8422632187,1.0
438,0316769487,1.0
400,0312952260,1.0
3402,8422693836,1.0
831,0380757265,1.0
4086,8474444314,1.0
3372,842268022X,1.0
828,0380756250,1.0
1281,0451184718,1.0
3409,8422693917,1.0
1183,0446363707,1.0
